#
# There is insufficient memory for the Java Runtime Environment to continue.
# Native memory allocation (malloc) failed to allocate 32744 bytes. Error detail: Chunk::new
# Possible reasons:
#   The system is out of physical RAM or swap space
#   This process is running with CompressedOops enabled, and the Java Heap may be blocking the growth of the native heap
# Possible solutions:
#   Reduce memory load on the system
#   Increase physical memory or swap space
#   Check if swap backing store is full
#   Decrease Java heap size (-Xmx/-Xms)
#   Decrease number of Java threads
#   Decrease Java thread stack sizes (-Xss)
#   Set larger code cache with -XX:ReservedCodeCacheSize=
#   JVM is running with Zero Based Compressed Oops mode in which the Java heap is
#     placed in the first 32GB address space. The Java Heap base address is the
#     maximum limit for the native heap growth. Please use -XX:HeapBaseMinAddress
#     to set the Java Heap base and to place the Java Heap above 32GB virtual address.
# This output file may be truncated or incomplete.
#
#  Out of Memory Error (arena.cpp:168), pid=58748, tid=9220
#
# JRE version: OpenJDK Runtime Environment Temurin-21.0.12.1+1 (21.0.12.1+1) (build 21.0.12.1+1-LTS)
# Java VM: OpenJDK 64-Bit Server VM Temurin-21.0.12.1+1 (21.0.12.1+1-LTS, mixed mode, sharing, tiered, compressed oops, compressed class ptrs, g1 gc, windows-amd64)
# No core dump will be written. Minidumps are not enabled by default on client versions of Windows
#

---------------  S U M M A R Y ------------

Command Line: --add-opens=java.base/java.lang=ALL-UNNAMED --add-opens=java.base/java.lang.invoke=ALL-UNNAMED --add-opens=java.base/java.util=ALL-UNNAMED --add-opens=java.prefs/java.util.prefs=ALL-UNNAMED --add-exports=jdk.compiler/com.sun.tools.javac.api=ALL-UNNAMED --add-exports=jdk.compiler/com.sun.tools.javac.util=ALL-UNNAMED --add-opens=java.base/java.util=ALL-UNNAMED --add-opens=java.prefs/java.util.prefs=ALL-UNNAMED --add-opens=java.base/java.nio.charset=ALL-UNNAMED --add-opens=java.base/java.net=ALL-UNNAMED --add-opens=java.base/java.util.concurrent.atomic=ALL-UNNAMED --add-opens=java.xml/javax.xml.namespace=ALL-UNNAMED -XX:MaxMetaspaceSize=4G -XX:ReservedCodeCacheSize=512m -XX:+HeapDumpOnOutOfMemoryError -Xmx8G -Dfile.encoding=UTF-8 -Duser.country=IN -Duser.language=en -Duser.variant -javaagent:C:\Users\PrasannVyawahare\.gradle\wrapper\dists\gradle-8.14-all\c2qonpi39x1mddn7hk5gh9iqj\gradle-8.14\lib\agents\gradle-instrumentation-agent-8.14.jar org.gradle.launcher.daemon.bootstrap.GradleDaemon 8.14

Host: 11th Gen Intel(R) Core(TM) i5-1135G7 @ 2.40GHz, 8 cores, 31G,  Windows 11 , 64 bit Build 26100 (10.0.26100.9444)
Time: Sun Sep 27 10:27:01 2026 India Standard Time elapsed time: 661.232200 seconds (0d 0h 11m 1s)

---------------  T H R E A D  ---------------

Current thread (0x00000228fda54400):  JavaThread "C1 CompilerThread0" daemon [_thread_in_native, id=9220, stack(0x0000009832600000,0x0000009832700000) (1024K)]


Current CompileTask:
C1:661232 33463       3       com.android.build.gradle.internal.lint.AndroidLintTask$VariantCreationAction::configure (1903 bytes)

Stack: [0x0000009832600000,0x0000009832700000]
Native frames: (J=compiled Java code, j=interpreted, Vv=VM code, C=native code)
V  [jvm.dll+0x6d83e9]
V  [jvm.dll+0x8b5736]
V  [jvm.dll+0x8b7cee]
V  [jvm.dll+0x8b83d3]
V  [jvm.dll+0x284596]
V  [jvm.dll+0xc685d]
V  [jvm.dll+0xc6da1]
V  [jvm.dll+0x6c3e05]
V  [jvm.dll+0x19c550]
V  [jvm.dll+0x19a49d]
V  [jvm.dll+0x19a84a]
V  [jvm.dll+0x19c94e]
V  [jvm.dll+0x157515]
V  [jvm.dll+0x156db7]
V  [jvm.dll+0x156fe4]
V  [jvm.dll+0x1563fc]
V  [jvm.dll+0x15818d]
V  [jvm.dll+0x25baad]
V  [jvm.dll+0x25a03a]
V  [jvm.dll+0x3f8aae]
V  [jvm.dll+0x8600cd]
V  [jvm.dll+0x6d6c1d]
C  [ucrtbase.dll+0x2cd30]
C  [KERNEL32.DLL+0x2cd87]
C  [ntdll.dll+0xacaec]


---------------  P R O C E S S  ---------------

Threads class SMR info:
_java_thread_list=0x00000228d37db0a0, length=139, elements={
0x00000228d8101970, 0x00000228fda2d550, 0x00000228fda2eb20, 0x00000228fda32360,
0x00000228fda333d0, 0x00000228fda357c0, 0x00000228fda36de0, 0x00000228fda404e0,
0x00000228fda54400, 0x00000228fda39bd0, 0x00000228fda38190, 0x00000228fda38820,
0x00000228fda3a260, 0x00000228fda37470, 0x00000228fda38eb0, 0x00000228cecec130,
0x00000228cecebaa0, 0x00000228cecec7c0, 0x00000228cecee890, 0x00000228cecf30c0,
0x00000228cecf0ff0, 0x00000228cecf23a0, 0x00000228cf794e40, 0x00000228cfaf5c80,
0x00000228d1f77b30, 0x00000228d1f7afb0, 0x00000228d1f781c0, 0x00000228d1f7bcd0,
0x00000228d1f7b640, 0x00000228d1f7a920, 0x00000228d1f7f7e0, 0x00000229011a6370,
0x00000228cfafd2a0, 0x00000228d4777460, 0x00000228cf337b40, 0x00000228d2147310,
0x00000228d2145240, 0x00000228d2148d50, 0x00000228d21493e0, 0x00000228d476d6e0,
0x00000228d476dd70, 0x00000228d476f120, 0x00000228d47704d0, 0x00000228d476d050,
0x00000228d4771880, 0x00000228d4770b60, 0x00000228d47711f0, 0x00000228d476e400,
0x00000228d4771f10, 0x00000228d476ea90, 0x00000228d4775a20, 0x00000228d4774670,
0x00000228d47725a0, 0x00000228d4774d00, 0x00000228d4775390, 0x00000228d47760b0,
0x00000228d4772c30, 0x00000228d4776740, 0x00000228d47732c0, 0x00000228d4776dd0,
0x00000228d4773950, 0x00000228d4773fe0, 0x00000228d4778180, 0x00000228d4778810,
0x00000228d477af70, 0x00000228d4779530, 0x00000228d4778ea0, 0x00000228d4779bc0,
0x00000228d477a250, 0x00000228d4777af0, 0x00000228d477b600, 0x00000228d477bc90,
0x00000228d477c320, 0x00000229011a7720, 0x00000229011a7db0, 0x00000229011a6a00,
0x00000229011a8ad0, 0x00000229011a97f0, 0x00000229011aa510, 0x00000229011a8440,
0x00000229011a7090, 0x00000229011ac5e0, 0x00000229011abf50, 0x00000229011ae020,
0x00000229011aaba0, 0x00000229011ab230, 0x00000229011afa60, 0x00000229011b14a0,
0x00000229011aed40, 0x00000229011b21c0, 0x00000229011b00f0, 0x00000229011b2850,
0x00000229011af3d0, 0x00000229011b2ee0, 0x00000229011b0780, 0x00000229011b3570,
0x00000229011b0e10, 0x00000229011b3c00, 0x00000229011b4920, 0x00000228d1f746b0,
0x00000228d1f78ee0, 0x00000228d1f75a60, 0x00000228d1f7c9f0, 0x00000228d1f79570,
0x00000228d1f7eac0, 0x00000228d1f80500, 0x00000228d1f7d710, 0x00000228d1f7d080,
0x00000228d1f81220, 0x00000228d1f7dda0, 0x00000228d1f818b0, 0x00000228d1f81f40,
0x00000228d1f825d0, 0x00000228d1f82c60, 0x00000228d0f67a10, 0x00000228d0f680a0,
0x00000228d0f69ae0, 0x00000228d0f6a170, 0x00000228d0f68dc0, 0x00000228d0f69450,
0x00000228d0f66cf0, 0x00000228d0f6a800, 0x00000228d0f68730, 0x00000228d0f67380,
0x00000228d0f6d5f0, 0x00000228d0f6b520, 0x00000228d0f6c240, 0x00000228d0f6c8d0,
0x00000228cfaf9e20, 0x00000228cfafa4b0, 0x00000228cfafab40, 0x00000228cfaf76c0,
0x00000228cfafb1d0, 0x00000228cfafb860, 0x00000228cfafbef0, 0x00000228cf796f10,
0x00000228cf795b60, 0x00000228cf79a390, 0x00000228cf79b740
}

Java Threads: ( => current thread )
  0x00000228d8101970 JavaThread "main"                              [_thread_blocked, id=1144, stack(0x0000009831700000,0x0000009831800000) (1024K)]
  0x00000228fda2d550 JavaThread "Reference Handler"          daemon [_thread_blocked, id=73452, stack(0x0000009831f00000,0x0000009832000000) (1024K)]
  0x00000228fda2eb20 JavaThread "Finalizer"                  daemon [_thread_blocked, id=66616, stack(0x0000009832000000,0x0000009832100000) (1024K)]
  0x00000228fda32360 JavaThread "Signal Dispatcher"          daemon [_thread_blocked, id=66620, stack(0x0000009832100000,0x0000009832200000) (1024K)]
  0x00000228fda333d0 JavaThread "Attach Listener"            daemon [_thread_blocked, id=72688, stack(0x0000009832200000,0x0000009832300000) (1024K)]
  0x00000228fda357c0 JavaThread "Service Thread"             daemon [_thread_blocked, id=72832, stack(0x0000009832300000,0x0000009832400000) (1024K)]
  0x00000228fda36de0 JavaThread "Monitor Deflation Thread"   daemon [_thread_blocked, id=22840, stack(0x0000009832400000,0x0000009832500000) (1024K)]
  0x00000228fda404e0 JavaThread "C2 CompilerThread0"         daemon [_thread_in_native, id=37864, stack(0x0000009832500000,0x0000009832600000) (1024K)]
=>0x00000228fda54400 JavaThread "C1 CompilerThread0"         daemon [_thread_in_native, id=9220, stack(0x0000009832600000,0x0000009832700000) (1024K)]
  0x00000228fda39bd0 JavaThread "Common-Cleaner"             daemon [_thread_blocked, id=73172, stack(0x0000009832700000,0x0000009832800000) (1024K)]
  0x00000228fda38190 JavaThread "Notification Thread"        daemon [_thread_blocked, id=17928, stack(0x0000009832800000,0x0000009832900000) (1024K)]
  0x00000228fda38820 JavaThread "Daemon health stats"               [_thread_blocked, id=57936, stack(0x0000009832900000,0x0000009832a00000) (1024K)]
  0x00000228fda3a260 JavaThread "Incoming local TCP Connector on port 64227"        [_thread_in_native, id=27012, stack(0x0000009832a00000,0x0000009832b00000) (1024K)]
  0x00000228fda37470 JavaThread "Daemon periodic checks"            [_thread_blocked, id=50304, stack(0x0000009833200000,0x0000009833300000) (1024K)]
  0x00000228fda38eb0 JavaThread "Daemon"                            [_thread_blocked, id=65532, stack(0x0000009833300000,0x0000009833400000) (1024K)]
  0x00000228cecec130 JavaThread "Daemon worker"                     [_thread_in_native, id=70836, stack(0x0000009833600000,0x0000009833700000) (1024K)]
  0x00000228cecebaa0 JavaThread "Cache worker for journal cache (C:\Users\PrasannVyawahare\.gradle\caches\journal-1)"        [_thread_blocked, id=34960, stack(0x0000009833a00000,0x0000009833b00000) (1024K)]
  0x00000228cecec7c0 JavaThread "File lock request listener"        [_thread_in_native, id=49536, stack(0x0000009833b00000,0x0000009833c00000) (1024K)]
  0x00000228cecee890 JavaThread "Cache worker for file hash cache (C:\Users\PrasannVyawahare\.gradle\caches\8.14\fileHashes)"        [_thread_blocked, id=72428, stack(0x0000009833c00000,0x0000009833d00000) (1024K)]
  0x00000228cecf30c0 JavaThread "File watcher server"        daemon [_thread_in_native, id=73024, stack(0x0000009833d00000,0x0000009833e00000) (1024K)]
  0x00000228cecf0ff0 JavaThread "File watcher consumer"      daemon [_thread_blocked, id=67032, stack(0x0000009834200000,0x0000009834300000) (1024K)]
  0x00000228cecf23a0 JavaThread "Cache worker for file content cache (C:\Users\PrasannVyawahare\.gradle\caches\8.14\fileContent)"        [_thread_blocked, id=66452, stack(0x0000009834600000,0x0000009834700000) (1024K)]
  0x00000228cf794e40 JavaThread "Memory manager"                    [_thread_blocked, id=73156, stack(0x0000009835f00000,0x0000009836000000) (1024K)]
  0x00000228cfaf5c80 JavaThread "jar transforms"                    [_thread_blocked, id=72716, stack(0x0000009838600000,0x0000009838700000) (1024K)]
  0x00000228d1f77b30 JavaThread "jar transforms Thread 2"           [_thread_blocked, id=65916, stack(0x000000983a800000,0x000000983a900000) (1024K)]
  0x00000228d1f7afb0 JavaThread "jar transforms Thread 3"           [_thread_blocked, id=71944, stack(0x0000009831400000,0x0000009831500000) (1024K)]
  0x00000228d1f781c0 JavaThread "jar transforms Thread 4"           [_thread_blocked, id=25180, stack(0x0000009831500000,0x0000009831600000) (1024K)]
  0x00000228d1f7bcd0 JavaThread "jar transforms Thread 5"           [_thread_blocked, id=72876, stack(0x000000983a700000,0x000000983a800000) (1024K)]
  0x00000228d1f7b640 JavaThread "jar transforms Thread 6"           [_thread_blocked, id=51240, stack(0x0000009831600000,0x0000009831700000) (1024K)]
  0x00000228d1f7a920 JavaThread "jar transforms Thread 7"           [_thread_blocked, id=38752, stack(0x000000983a900000,0x000000983aa00000) (1024K)]
  0x00000228d1f7f7e0 JavaThread "jar transforms Thread 8"           [_thread_blocked, id=59520, stack(0x000000983aa00000,0x000000983ab00000) (1024K)]
  0x00000229011a6370 JavaThread "VFS cleanup Thread 2"              [_thread_blocked, id=70428, stack(0x0000009833f00000,0x0000009834000000) (1024K)]
  0x00000228cfafd2a0 JavaThread "File lock release action executor Thread 2"        [_thread_blocked, id=73268, stack(0x000000983ae00000,0x000000983af00000) (1024K)]
  0x00000228d4777460 JavaThread "included builds"                   [_thread_blocked, id=71204, stack(0x0000009835700000,0x0000009835800000) (1024K)]
  0x00000228cf337b40 JavaThread "File lock release action executor Thread 3"        [_thread_blocked, id=33544, stack(0x000000983ad00000,0x000000983ae00000) (1024K)]
  0x00000228d2147310 JavaThread "Handler for socket connection from /127.0.0.1:64227 to /127.0.0.1:61632"        [_thread_in_native, id=64676, stack(0x0000009833400000,0x0000009833500000) (1024K)]
  0x00000228d2145240 JavaThread "Cancel handler"                    [_thread_blocked, id=40384, stack(0x0000009833500000,0x0000009833600000) (1024K)]
  0x00000228d2148d50 JavaThread "Asynchronous log dispatcher for DefaultDaemonConnection: socket connection from /127.0.0.1:64227 to /127.0.0.1:61632"        [_thread_blocked, id=22392, stack(0x0000009833700000,0x0000009833800000) (1024K)]
  0x00000228d21493e0 JavaThread "Stdin handler"                     [_thread_blocked, id=16964, stack(0x0000009833800000,0x0000009833900000) (1024K)]
  0x00000228d476d6e0 JavaThread "Daemon client event forwarder"        [_thread_blocked, id=74548, stack(0x0000009833900000,0x0000009833a00000) (1024K)]
  0x00000228d476dd70 JavaThread "Cache worker for file hash cache (D:\kiosk_school_app\kioskattendancesystem\kiosk_app\android\.gradle\8.14\fileHashes)"        [_thread_blocked, id=21568, stack(0x0000009833e00000,0x0000009833f00000) (1024K)]
  0x00000228d476f120 JavaThread "Cache worker for Build Output Cleanup Cache (D:\kiosk_school_app\kioskattendancesystem\kiosk_app\android\.gradle\buildOutputCleanup)"        [_thread_blocked, id=73736, stack(0x0000009834100000,0x0000009834200000) (1024K)]
  0x00000228d47704d0 JavaThread "Cache worker for checksums cache (D:\kiosk_school_app\kioskattendancesystem\kiosk_app\android\.gradle\8.14\checksums)"        [_thread_blocked, id=74488, stack(0x0000009834300000,0x0000009834400000) (1024K)]
  0x00000228d476d050 JavaThread "Cache worker for cache directory md-supplier (C:\Users\PrasannVyawahare\.gradle\caches\8.14\md-supplier)"        [_thread_blocked, id=64132, stack(0x0000009834400000,0x0000009834500000) (1024K)]
  0x00000228d4771880 JavaThread "Cache worker for cache directory md-rule (C:\Users\PrasannVyawahare\.gradle\caches\8.14\md-rule)"        [_thread_blocked, id=74608, stack(0x0000009834500000,0x0000009834600000) (1024K)]
  0x00000228d4770b60 JavaThread "Cache worker for Build Output Cleanup Cache (D:\flutter\packages\flutter_tools\gradle\.gradle\buildOutputCleanup)"        [_thread_blocked, id=41044, stack(0x0000009834700000,0x0000009834800000) (1024K)]
  0x00000228d47711f0 JavaThread "Unconstrained build operations"        [_thread_blocked, id=68036, stack(0x0000009834800000,0x0000009834900000) (1024K)]
  0x00000228d476e400 JavaThread "Unconstrained build operations Thread 2"        [_thread_blocked, id=74112, stack(0x0000009834900000,0x0000009834a00000) (1024K)]
  0x00000228d4771f10 JavaThread "Unconstrained build operations Thread 3"        [_thread_blocked, id=67300, stack(0x0000009834a00000,0x0000009834b00000) (1024K)]
  0x00000228d476ea90 JavaThread "Unconstrained build operations Thread 4"        [_thread_blocked, id=67712, stack(0x0000009834b00000,0x0000009834c00000) (1024K)]
  0x00000228d4775a20 JavaThread "Unconstrained build operations Thread 5"        [_thread_blocked, id=71648, stack(0x0000009834c00000,0x0000009834d00000) (1024K)]
  0x00000228d4774670 JavaThread "Unconstrained build operations Thread 6"        [_thread_blocked, id=72324, stack(0x0000009834d00000,0x0000009834e00000) (1024K)]
  0x00000228d47725a0 JavaThread "Unconstrained build operations Thread 7"        [_thread_blocked, id=69444, stack(0x0000009834e00000,0x0000009834f00000) (1024K)]
  0x00000228d4774d00 JavaThread "Unconstrained build operations Thread 8"        [_thread_blocked, id=74580, stack(0x0000009834f00000,0x0000009835000000) (1024K)]
  0x00000228d4775390 JavaThread "Unconstrained build operations Thread 9"        [_thread_blocked, id=73788, stack(0x0000009835000000,0x0000009835100000) (1024K)]
  0x00000228d47760b0 JavaThread "Unconstrained build operations Thread 10"        [_thread_blocked, id=16164, stack(0x0000009835100000,0x0000009835200000) (1024K)]
  0x00000228d4772c30 JavaThread "Unconstrained build operations Thread 11"        [_thread_blocked, id=64116, stack(0x0000009835200000,0x0000009835300000) (1024K)]
  0x00000228d4776740 JavaThread "Unconstrained build operations Thread 12"        [_thread_blocked, id=73524, stack(0x0000009835300000,0x0000009835400000) (1024K)]
  0x00000228d47732c0 JavaThread "Unconstrained build operations Thread 13"        [_thread_blocked, id=73168, stack(0x0000009835400000,0x0000009835500000) (1024K)]
  0x00000228d4776dd0 JavaThread "Unconstrained build operations Thread 14"        [_thread_blocked, id=18280, stack(0x0000009835500000,0x0000009835600000) (1024K)]
  0x00000228d4773950 JavaThread "build event listener"              [_thread_blocked, id=74624, stack(0x0000009835600000,0x0000009835700000) (1024K)]
  0x00000228d4773fe0 JavaThread "included builds"                   [_thread_blocked, id=62356, stack(0x0000009835800000,0x0000009835900000) (1024K)]
  0x00000228d4778180 JavaThread "Execution worker"                  [_thread_blocked, id=40156, stack(0x0000009835900000,0x0000009835a00000) (1024K)]
  0x00000228d4778810 JavaThread "Execution worker Thread 2"         [_thread_blocked, id=61444, stack(0x0000009835a00000,0x0000009835b00000) (1024K)]
  0x00000228d477af70 JavaThread "Execution worker Thread 3"         [_thread_blocked, id=40096, stack(0x0000009835b00000,0x0000009835c00000) (1024K)]
  0x00000228d4779530 JavaThread "Execution worker Thread 4"         [_thread_blocked, id=65128, stack(0x0000009835c00000,0x0000009835d00000) (1024K)]
  0x00000228d4778ea0 JavaThread "Execution worker Thread 5"         [_thread_blocked, id=23344, stack(0x0000009835d00000,0x0000009835e00000) (1024K)]
  0x00000228d4779bc0 JavaThread "Execution worker Thread 6"         [_thread_blocked, id=35940, stack(0x0000009835e00000,0x0000009835f00000) (1024K)]
  0x00000228d477a250 JavaThread "Execution worker Thread 7"         [_thread_blocked, id=74340, stack(0x0000009836000000,0x0000009836100000) (1024K)]
  0x00000228d4777af0 JavaThread "Cache worker for execution history cache (D:\flutter\packages\flutter_tools\gradle\.gradle\8.14\executionHistory)"        [_thread_blocked, id=34092, stack(0x0000009836100000,0x0000009836200000) (1024K)]
  0x00000228d477b600 JavaThread "Unconstrained build operations Thread 15"        [_thread_blocked, id=74436, stack(0x0000009836200000,0x0000009836300000) (1024K)]
  0x00000228d477bc90 JavaThread "Unconstrained build operations Thread 16"        [_thread_blocked, id=73392, stack(0x0000009836300000,0x0000009836400000) (1024K)]
  0x00000228d477c320 JavaThread "Unconstrained build operations Thread 17"        [_thread_blocked, id=37188, stack(0x0000009836400000,0x0000009836500000) (1024K)]
  0x00000229011a7720 JavaThread "Unconstrained build operations Thread 18"        [_thread_blocked, id=73716, stack(0x0000009836500000,0x0000009836600000) (1024K)]
  0x00000229011a7db0 JavaThread "Unconstrained build operations Thread 19"        [_thread_blocked, id=59836, stack(0x0000009836600000,0x0000009836700000) (1024K)]
  0x00000229011a6a00 JavaThread "Unconstrained build operations Thread 20"        [_thread_blocked, id=59192, stack(0x0000009836700000,0x0000009836800000) (1024K)]
  0x00000229011a8ad0 JavaThread "Unconstrained build operations Thread 21"        [_thread_blocked, id=74500, stack(0x0000009836800000,0x0000009836900000) (1024K)]
  0x00000229011a97f0 JavaThread "Unconstrained build operations Thread 22"        [_thread_blocked, id=68848, stack(0x0000009836900000,0x0000009836a00000) (1024K)]
  0x00000229011aa510 JavaThread "Unconstrained build operations Thread 23"        [_thread_blocked, id=72868, stack(0x0000009836a00000,0x0000009836b00000) (1024K)]
  0x00000229011a8440 JavaThread "Unconstrained build operations Thread 24"        [_thread_blocked, id=34188, stack(0x0000009836b00000,0x0000009836c00000) (1024K)]
  0x00000229011a7090 JavaThread "Unconstrained build operations Thread 25"        [_thread_blocked, id=40228, stack(0x0000009836c00000,0x0000009836d00000) (1024K)]
  0x00000229011ac5e0 JavaThread "Unconstrained build operations Thread 26"        [_thread_blocked, id=57508, stack(0x0000009836d00000,0x0000009836e00000) (1024K)]
  0x00000229011abf50 JavaThread "Unconstrained build operations Thread 27"        [_thread_blocked, id=65416, stack(0x0000009836e00000,0x0000009836f00000) (1024K)]
  0x00000229011ae020 JavaThread "Unconstrained build operations Thread 28"        [_thread_blocked, id=38140, stack(0x0000009836f00000,0x0000009837000000) (1024K)]
  0x00000229011aaba0 JavaThread "Unconstrained build operations Thread 29"        [_thread_blocked, id=73944, stack(0x0000009837000000,0x0000009837100000) (1024K)]
  0x00000229011ab230 JavaThread "Unconstrained build operations Thread 30"        [_thread_blocked, id=74188, stack(0x0000009837100000,0x0000009837200000) (1024K)]
  0x00000229011afa60 JavaThread "Unconstrained build operations Thread 31"        [_thread_blocked, id=64700, stack(0x0000009837200000,0x0000009837300000) (1024K)]
  0x00000229011b14a0 JavaThread "Unconstrained build operations Thread 32"        [_thread_blocked, id=74304, stack(0x0000009837300000,0x0000009837400000) (1024K)]
  0x00000229011aed40 JavaThread "Unconstrained build operations Thread 33"        [_thread_blocked, id=73128, stack(0x0000009837400000,0x0000009837500000) (1024K)]
  0x00000229011b21c0 JavaThread "Unconstrained build operations Thread 34"        [_thread_blocked, id=72712, stack(0x0000009837500000,0x0000009837600000) (1024K)]
  0x00000229011b00f0 JavaThread "Unconstrained build operations Thread 35"        [_thread_blocked, id=72940, stack(0x0000009837600000,0x0000009837700000) (1024K)]
  0x00000229011b2850 JavaThread "Unconstrained build operations Thread 36"        [_thread_blocked, id=34004, stack(0x0000009837700000,0x0000009837800000) (1024K)]
  0x00000229011af3d0 JavaThread "Unconstrained build operations Thread 37"        [_thread_blocked, id=21808, stack(0x0000009837800000,0x0000009837900000) (1024K)]
  0x00000229011b2ee0 JavaThread "Unconstrained build operations Thread 38"        [_thread_blocked, id=33352, stack(0x0000009837900000,0x0000009837a00000) (1024K)]
  0x00000229011b0780 JavaThread "Unconstrained build operations Thread 39"        [_thread_blocked, id=71720, stack(0x0000009837a00000,0x0000009837b00000) (1024K)]
  0x00000229011b3570 JavaThread "Unconstrained build operations Thread 40"        [_thread_blocked, id=72732, stack(0x0000009837b00000,0x0000009837c00000) (1024K)]
  0x00000229011b0e10 JavaThread "Unconstrained build operations Thread 41"        [_thread_blocked, id=69532, stack(0x0000009837c00000,0x0000009837d00000) (1024K)]
  0x00000229011b3c00 JavaThread "Unconstrained build operations Thread 42"        [_thread_blocked, id=48056, stack(0x0000009837d00000,0x0000009837e00000) (1024K)]
  0x00000229011b4920 JavaThread "Unconstrained build operations Thread 43"        [_thread_blocked, id=73468, stack(0x0000009837e00000,0x0000009837f00000) (1024K)]
  0x00000228d1f746b0 JavaThread "Unconstrained build operations Thread 44"        [_thread_blocked, id=74604, stack(0x0000009837f00000,0x0000009838000000) (1024K)]
  0x00000228d1f78ee0 JavaThread "build event listener"              [_thread_blocked, id=74012, stack(0x0000009838000000,0x0000009838100000) (1024K)]
  0x00000228d1f75a60 JavaThread "build event listener"              [_thread_blocked, id=64556, stack(0x0000009838200000,0x0000009838300000) (1024K)]
  0x00000228d1f7c9f0 JavaThread "Unconstrained build operations Thread 45"        [_thread_blocked, id=67768, stack(0x0000009838300000,0x0000009838400000) (1024K)]
  0x00000228d1f79570 JavaThread "Unconstrained build operations Thread 46"        [_thread_blocked, id=38728, stack(0x0000009838400000,0x0000009838500000) (1024K)]
  0x00000228d1f7eac0 JavaThread "Unconstrained build operations Thread 47"        [_thread_blocked, id=73360, stack(0x0000009838500000,0x0000009838600000) (1024K)]
  0x00000228d1f80500 JavaThread "Unconstrained build operations Thread 48"        [_thread_blocked, id=28032, stack(0x0000009838700000,0x0000009838800000) (1024K)]
  0x00000228d1f7d710 JavaThread "Unconstrained build operations Thread 49"        [_thread_blocked, id=42488, stack(0x0000009838800000,0x0000009838900000) (1024K)]
  0x00000228d1f7d080 JavaThread "Unconstrained build operations Thread 50"        [_thread_blocked, id=73020, stack(0x0000009838900000,0x0000009838a00000) (1024K)]
  0x00000228d1f81220 JavaThread "Unconstrained build operations Thread 51"        [_thread_blocked, id=72080, stack(0x0000009838a00000,0x0000009838b00000) (1024K)]
  0x00000228d1f7dda0 JavaThread "Unconstrained build operations Thread 52"        [_thread_blocked, id=70000, stack(0x0000009838b00000,0x0000009838c00000) (1024K)]
  0x00000228d1f818b0 JavaThread "Unconstrained build operations Thread 53"        [_thread_blocked, id=47684, stack(0x0000009838c00000,0x0000009838d00000) (1024K)]
  0x00000228d1f81f40 JavaThread "Unconstrained build operations Thread 54"        [_thread_blocked, id=58400, stack(0x0000009838d00000,0x0000009838e00000) (1024K)]
  0x00000228d1f825d0 JavaThread "Unconstrained build operations Thread 55"        [_thread_blocked, id=74728, stack(0x0000009838e00000,0x0000009838f00000) (1024K)]
  0x00000228d1f82c60 JavaThread "Unconstrained build operations Thread 56"        [_thread_blocked, id=73256, stack(0x0000009838f00000,0x0000009839000000) (1024K)]
  0x00000228d0f67a10 JavaThread "Unconstrained build operations Thread 57"        [_thread_blocked, id=73528, stack(0x0000009839000000,0x0000009839100000) (1024K)]
  0x00000228d0f680a0 JavaThread "Unconstrained build operations Thread 58"        [_thread_blocked, id=73612, stack(0x0000009839100000,0x0000009839200000) (1024K)]
  0x00000228d0f69ae0 JavaThread "Problems report writer"            [_thread_blocked, id=73376, stack(0x0000009839200000,0x0000009839300000) (1024K)]
  0x00000228d0f6a170 JavaThread "Unconstrained build operations Thread 59"        [_thread_blocked, id=73320, stack(0x0000009839300000,0x0000009839400000) (1024K)]
  0x00000228d0f68dc0 JavaThread "Unconstrained build operations Thread 60"        [_thread_blocked, id=63768, stack(0x0000009839400000,0x0000009839500000) (1024K)]
  0x00000228d0f69450 JavaThread "Unconstrained build operations Thread 61"        [_thread_blocked, id=62940, stack(0x0000009839500000,0x0000009839600000) (1024K)]
  0x00000228d0f66cf0 JavaThread "Unconstrained build operations Thread 62"        [_thread_blocked, id=63176, stack(0x0000009839600000,0x0000009839700000) (1024K)]
  0x00000228d0f6a800 JavaThread "Unconstrained build operations Thread 63"        [_thread_blocked, id=26616, stack(0x0000009839700000,0x0000009839800000) (1024K)]
  0x00000228d0f68730 JavaThread "Unconstrained build operations Thread 64"        [_thread_blocked, id=32312, stack(0x0000009839800000,0x0000009839900000) (1024K)]
  0x00000228d0f67380 JavaThread "Unconstrained build operations Thread 65"        [_thread_blocked, id=55820, stack(0x0000009839900000,0x0000009839a00000) (1024K)]
  0x00000228d0f6d5f0 JavaThread "Unconstrained build operations Thread 66"        [_thread_blocked, id=34364, stack(0x0000009839a00000,0x0000009839b00000) (1024K)]
  0x00000228d0f6b520 JavaThread "Unconstrained build operations Thread 67"        [_thread_blocked, id=34696, stack(0x0000009839b00000,0x0000009839c00000) (1024K)]
  0x00000228d0f6c240 JavaThread "Unconstrained build operations Thread 68"        [_thread_blocked, id=57948, stack(0x0000009839c00000,0x0000009839d00000) (1024K)]
  0x00000228d0f6c8d0 JavaThread "Unconstrained build operations Thread 69"        [_thread_blocked, id=65908, stack(0x0000009839d00000,0x0000009839e00000) (1024K)]
  0x00000228cfaf9e20 JavaThread "Unconstrained build operations Thread 70"        [_thread_blocked, id=63756, stack(0x0000009839e00000,0x0000009839f00000) (1024K)]
  0x00000228cfafa4b0 JavaThread "Unconstrained build operations Thread 71"        [_thread_blocked, id=20512, stack(0x0000009839f00000,0x000000983a000000) (1024K)]
  0x00000228cfafab40 JavaThread "Unconstrained build operations Thread 72"        [_thread_blocked, id=66972, stack(0x000000983a000000,0x000000983a100000) (1024K)]
  0x00000228cfaf76c0 JavaThread "Unconstrained build operations Thread 73"        [_thread_blocked, id=67848, stack(0x000000983a100000,0x000000983a200000) (1024K)]
  0x00000228cfafb1d0 JavaThread "Unconstrained build operations Thread 74"        [_thread_blocked, id=67528, stack(0x000000983a200000,0x000000983a300000) (1024K)]
  0x00000228cfafb860 JavaThread "Unconstrained build operations Thread 75"        [_thread_blocked, id=23904, stack(0x000000983a300000,0x000000983a400000) (1024K)]
  0x00000228cfafbef0 JavaThread "Unconstrained build operations Thread 76"        [_thread_blocked, id=64588, stack(0x000000983a400000,0x000000983a500000) (1024K)]
  0x00000228cf796f10 JavaThread "Unconstrained build operations Thread 77"        [_thread_blocked, id=73396, stack(0x000000983a500000,0x000000983a600000) (1024K)]
  0x00000228cf795b60 JavaThread "Unconstrained build operations Thread 78"        [_thread_blocked, id=73768, stack(0x000000983a600000,0x000000983a700000) (1024K)]
  0x00000228cf79a390 JavaThread "Unconstrained build operations Thread 79"        [_thread_blocked, id=55056, stack(0x000000983ab00000,0x000000983ac00000) (1024K)]
  0x00000228cf79b740 JavaThread "Unconstrained build operations Thread 80"        [_thread_blocked, id=35828, stack(0x000000983ac00000,0x000000983ad00000) (1024K)]
Total: 139

Other Threads:
  0x00000228fda0c0e0 VMThread "VM Thread"                           [id=67828, stack(0x0000009831e00000,0x0000009831f00000) (1024K)]
  0x00000228883b0090 WatcherThread "VM Periodic Task Thread"        [id=62384, stack(0x0000009831d00000,0x0000009831e00000) (1024K)]
  0x00000228d81a8620 WorkerThread "GC Thread#0"                     [id=63724, stack(0x0000009831800000,0x0000009831900000) (1024K)]
  0x00000228887530f0 WorkerThread "GC Thread#1"                     [id=64464, stack(0x0000009832b00000,0x0000009832c00000) (1024K)]
  0x00000228888642b0 WorkerThread "GC Thread#2"                     [id=33672, stack(0x0000009832c00000,0x0000009832d00000) (1024K)]
  0x0000022888864660 WorkerThread "GC Thread#3"                     [id=8036, stack(0x0000009832d00000,0x0000009832e00000) (1024K)]
  0x0000022888a1b750 WorkerThread "GC Thread#4"                     [id=31032, stack(0x0000009832e00000,0x0000009832f00000) (1024K)]
  0x0000022888a1bb00 WorkerThread "GC Thread#5"                     [id=33760, stack(0x0000009832f00000,0x0000009833000000) (1024K)]
  0x0000022888aaab00 WorkerThread "GC Thread#6"                     [id=22620, stack(0x0000009833000000,0x0000009833100000) (1024K)]
  0x0000022888aaaeb0 WorkerThread "GC Thread#7"                     [id=42052, stack(0x0000009833100000,0x0000009833200000) (1024K)]
  0x00000228fd86df30 ConcurrentGCThread "G1 Main Marker"            [id=32404, stack(0x0000009831900000,0x0000009831a00000) (1024K)]
  0x00000228fd86e850 WorkerThread "G1 Conc#0"                       [id=65876, stack(0x0000009831a00000,0x0000009831b00000) (1024K)]
  0x00000228cffebbe0 WorkerThread "G1 Conc#1"                       [id=64056, stack(0x0000009834000000,0x0000009834100000) (1024K)]
  0x00000228fd94dfc0 ConcurrentGCThread "G1 Refine#0"               [id=70884, stack(0x0000009831b00000,0x0000009831c00000) (1024K)]
  0x00000228fd94f800 ConcurrentGCThread "G1 Service"                [id=73632, stack(0x0000009831c00000,0x0000009831d00000) (1024K)]
Total: 15

Threads with active compile tasks:
C2 CompilerThread0  661443 33452       4       com.android.build.api.variant.impl.SourcesImpl::<init> (1579 bytes)
C1 CompilerThread0  661443 33463       3       com.android.build.gradle.internal.lint.AndroidLintTask$VariantCreationAction::configure (1903 bytes)
Total: 2

VM state: not at safepoint (normal execution)

VM Mutex/Monitor currently owned by a thread: None

Heap address: 0x0000000600000000, size: 8192 MB, Compressed Oops mode: Zero based, Oop shift amount: 3

CDS archive(s) mapped at: [0x0000022889000000-0x0000022889ba0000-0x0000022889ba0000), size 12189696, SharedBaseAddress: 0x0000022889000000, ArchiveRelocationMode: 1.
Compressed class space mapped at: 0x000002288a000000-0x00000228ca000000, reserved size: 1073741824
Narrow klass base: 0x0000022889000000, Narrow klass shift: 0, Narrow klass range: 0x100000000

GC Precious Log:
 CardTable entry size: 512
 Card Set container configuration: InlinePtr #cards 4 size 8 Array Of Cards #cards 32 size 80 Howl #buckets 8 coarsen threshold 7372 Howl Bitmap #cards 1024 size 144 coarsen threshold 921 Card regions per heap region 1 cards per card region 8192
 CPUs: 8 total, 8 available
 Memory: 32510M
 Large Page Support: Disabled
 NUMA Support: Disabled
 Compressed Oops: Enabled (Zero based)
 Heap Region Size: 4M
 Heap Min Capacity: 8M
 Heap Initial Capacity: 508M
 Heap Max Capacity: 8G
 Pre-touch: Disabled
 Parallel Workers: 8
 Concurrent Workers: 2
 Concurrent Refinement Workers: 8
 Periodic GC: Disabled

Heap:
 garbage-first heap   total 761856K, used 524062K [0x0000000600000000, 0x0000000800000000)
  region size 4096K, 43 young (176128K), 9 survivors (36864K)
 Metaspace       used 129265K, committed 132352K, reserved 1179648K
  class space    used 17307K, committed 18816K, reserved 1048576K

Heap Regions: E=young(eden), S=young(survivor), O=old, HS=humongous(starts), HC=humongous(continues), CS=collection set, F=free, TAMS=top-at-mark-start, PB=parsable bottom
|   0|0x0000000600000000, 0x0000000600400000, 0x0000000600400000|100%|HS|  |TAMS 0x0000000600000000| PB 0x0000000600000000| Complete 
|   1|0x0000000600400000, 0x0000000600800000, 0x0000000600800000|100%| O|  |TAMS 0x0000000600400000| PB 0x0000000600400000| Untracked 
|   2|0x0000000600800000, 0x0000000600bc7990, 0x0000000600c00000| 94%| O|  |TAMS 0x0000000600800000| PB 0x0000000600800000| Untracked 
|   3|0x0000000600c00000, 0x0000000601000000, 0x0000000601000000|100%| O|  |TAMS 0x0000000600c00000| PB 0x0000000600c00000| Untracked 
|   4|0x0000000601000000, 0x0000000601400000, 0x0000000601400000|100%| O|  |TAMS 0x0000000601000000| PB 0x0000000601000000| Untracked 
|   5|0x0000000601400000, 0x0000000601800000, 0x0000000601800000|100%| O|  |TAMS 0x0000000601400000| PB 0x0000000601400000| Untracked 
|   6|0x0000000601800000, 0x0000000601c00000, 0x0000000601c00000|100%| O|  |TAMS 0x0000000601800000| PB 0x0000000601800000| Untracked 
|   7|0x0000000601c00000, 0x0000000602000000, 0x0000000602000000|100%| O|  |TAMS 0x0000000601c00000| PB 0x0000000601c00000| Untracked 
|   8|0x0000000602000000, 0x0000000602400000, 0x0000000602400000|100%| O|  |TAMS 0x0000000602000000| PB 0x0000000602000000| Untracked 
|   9|0x0000000602400000, 0x0000000602800000, 0x0000000602800000|100%| O|  |TAMS 0x0000000602400000| PB 0x0000000602400000| Untracked 
|  10|0x0000000602800000, 0x0000000602c00000, 0x0000000602c00000|100%| O|  |TAMS 0x0000000602800000| PB 0x0000000602800000| Untracked 
|  11|0x0000000602c00000, 0x0000000603000000, 0x0000000603000000|100%| O|  |TAMS 0x0000000602c00000| PB 0x0000000602c00000| Untracked 
|  12|0x0000000603000000, 0x0000000603400000, 0x0000000603400000|100%| O|  |TAMS 0x0000000603000000| PB 0x0000000603000000| Untracked 
|  13|0x0000000603400000, 0x0000000603800000, 0x0000000603800000|100%| O|  |TAMS 0x0000000603400000| PB 0x0000000603400000| Untracked 
|  14|0x0000000603800000, 0x0000000603c00000, 0x0000000603c00000|100%| O|  |TAMS 0x0000000603800000| PB 0x0000000603800000| Untracked 
|  15|0x0000000603c00000, 0x0000000604000000, 0x0000000604000000|100%| O|  |TAMS 0x0000000603c00000| PB 0x0000000603c00000| Untracked 
|  16|0x0000000604000000, 0x0000000604400000, 0x0000000604400000|100%| O|  |TAMS 0x0000000604000000| PB 0x0000000604000000| Untracked 
|  17|0x0000000604400000, 0x0000000604800000, 0x0000000604800000|100%| O|  |TAMS 0x0000000604400000| PB 0x0000000604400000| Untracked 
|  18|0x0000000604800000, 0x0000000604c00000, 0x0000000604c00000|100%| O|  |TAMS 0x0000000604800000| PB 0x0000000604800000| Untracked 
|  19|0x0000000604c00000, 0x0000000605000000, 0x0000000605000000|100%| O|  |TAMS 0x0000000604c00000| PB 0x0000000604c00000| Untracked 
|  20|0x0000000605000000, 0x0000000605400000, 0x0000000605400000|100%| O|  |TAMS 0x0000000605000000| PB 0x0000000605000000| Untracked 
|  21|0x0000000605400000, 0x0000000605800000, 0x0000000605800000|100%| O|  |TAMS 0x0000000605400000| PB 0x0000000605400000| Untracked 
|  22|0x0000000605800000, 0x0000000605c00000, 0x0000000605c00000|100%| O|  |TAMS 0x0000000605800000| PB 0x0000000605800000| Untracked 
|  23|0x0000000605c00000, 0x0000000606000000, 0x0000000606000000|100%| O|  |TAMS 0x0000000605c00000| PB 0x0000000605c00000| Untracked 
|  24|0x0000000606000000, 0x0000000606400000, 0x0000000606400000|100%| O|  |TAMS 0x0000000606000000| PB 0x0000000606000000| Untracked 
|  25|0x0000000606400000, 0x0000000606800000, 0x0000000606800000|100%| O|  |TAMS 0x0000000606400000| PB 0x0000000606400000| Untracked 
|  26|0x0000000606800000, 0x0000000606c00000, 0x0000000606c00000|100%| O|  |TAMS 0x0000000606800000| PB 0x0000000606800000| Untracked 
|  27|0x0000000606c00000, 0x0000000607000000, 0x0000000607000000|100%| O|  |TAMS 0x0000000606c00000| PB 0x0000000606c00000| Untracked 
|  28|0x0000000607000000, 0x0000000607400000, 0x0000000607400000|100%| O|Cm|TAMS 0x0000000607000000| PB 0x0000000607000000| Complete 
|  29|0x0000000607400000, 0x0000000607800000, 0x0000000607800000|100%| O|  |TAMS 0x0000000607400000| PB 0x0000000607400000| Untracked 
|  30|0x0000000607800000, 0x0000000607c00000, 0x0000000607c00000|100%| O|  |TAMS 0x0000000607800000| PB 0x0000000607800000| Untracked 
|  31|0x0000000607c00000, 0x0000000607c00000, 0x0000000608000000|  0%| F|  |TAMS 0x0000000607c00000| PB 0x0000000607c00000| Untracked 
|  32|0x0000000608000000, 0x0000000608400000, 0x0000000608400000|100%| O|  |TAMS 0x0000000608000000| PB 0x0000000608000000| Untracked 
|  33|0x0000000608400000, 0x0000000608800000, 0x0000000608800000|100%| O|  |TAMS 0x0000000608400000| PB 0x0000000608400000| Untracked 
|  34|0x0000000608800000, 0x0000000608c00000, 0x0000000608c00000|100%| O|  |TAMS 0x0000000608800000| PB 0x0000000608800000| Untracked 
|  35|0x0000000608c00000, 0x0000000609000000, 0x0000000609000000|100%| O|  |TAMS 0x0000000608c00000| PB 0x0000000608c00000| Untracked 
|  36|0x0000000609000000, 0x0000000609000000, 0x0000000609400000|  0%| F|  |TAMS 0x0000000609000000| PB 0x0000000609000000| Untracked 
|  37|0x0000000609400000, 0x0000000609800000, 0x0000000609800000|100%| O|  |TAMS 0x0000000609400000| PB 0x0000000609400000| Untracked 
|  38|0x0000000609800000, 0x0000000609c00000, 0x0000000609c00000|100%| O|  |TAMS 0x0000000609800000| PB 0x0000000609800000| Untracked 
|  39|0x0000000609c00000, 0x000000060a000000, 0x000000060a000000|100%| O|  |TAMS 0x0000000609c00000| PB 0x0000000609c00000| Untracked 
|  40|0x000000060a000000, 0x000000060a400000, 0x000000060a400000|100%| O|  |TAMS 0x000000060a000000| PB 0x000000060a000000| Untracked 
|  41|0x000000060a400000, 0x000000060a800000, 0x000000060a800000|100%| O|  |TAMS 0x000000060a400000| PB 0x000000060a400000| Untracked 
|  42|0x000000060a800000, 0x000000060ac00000, 0x000000060ac00000|100%| O|  |TAMS 0x000000060a800000| PB 0x000000060a800000| Untracked 
|  43|0x000000060ac00000, 0x000000060ac00000, 0x000000060b000000|  0%| F|  |TAMS 0x000000060ac00000| PB 0x000000060ac00000| Untracked 
|  44|0x000000060b000000, 0x000000060b400000, 0x000000060b400000|100%| O|  |TAMS 0x000000060b000000| PB 0x000000060b000000| Untracked 
|  45|0x000000060b400000, 0x000000060b800000, 0x000000060b800000|100%| O|  |TAMS 0x000000060b400000| PB 0x000000060b400000| Untracked 
|  46|0x000000060b800000, 0x000000060bc00000, 0x000000060bc00000|100%| O|  |TAMS 0x000000060b800000| PB 0x000000060b800000| Untracked 
|  47|0x000000060bc00000, 0x000000060c000000, 0x000000060c000000|100%| O|  |TAMS 0x000000060bc00000| PB 0x000000060bc00000| Untracked 
|  48|0x000000060c000000, 0x000000060c400000, 0x000000060c400000|100%| O|  |TAMS 0x000000060c000000| PB 0x000000060c000000| Untracked 
|  49|0x000000060c400000, 0x000000060c800000, 0x000000060c800000|100%| O|  |TAMS 0x000000060c400000| PB 0x000000060c400000| Untracked 
|  50|0x000000060c800000, 0x000000060cc00000, 0x000000060cc00000|100%| O|  |TAMS 0x000000060c800000| PB 0x000000060c800000| Untracked 
|  51|0x000000060cc00000, 0x000000060d000000, 0x000000060d000000|100%| O|  |TAMS 0x000000060cc00000| PB 0x000000060cc00000| Untracked 
|  52|0x000000060d000000, 0x000000060d400000, 0x000000060d400000|100%| O|  |TAMS 0x000000060d000000| PB 0x000000060d000000| Untracked 
|  53|0x000000060d400000, 0x000000060d800000, 0x000000060d800000|100%| O|Cm|TAMS 0x000000060d400000| PB 0x000000060d400000| Complete 
|  54|0x000000060d800000, 0x000000060dc00000, 0x000000060dc00000|100%| O|  |TAMS 0x000000060d800000| PB 0x000000060d800000| Untracked 
|  55|0x000000060dc00000, 0x000000060e000000, 0x000000060e000000|100%| O|  |TAMS 0x000000060dc00000| PB 0x000000060dc00000| Untracked 
|  56|0x000000060e000000, 0x000000060e400000, 0x000000060e400000|100%| O|  |TAMS 0x000000060e000000| PB 0x000000060e000000| Untracked 
|  57|0x000000060e400000, 0x000000060e400000, 0x000000060e800000|  0%| F|  |TAMS 0x000000060e400000| PB 0x000000060e400000| Untracked 
|  58|0x000000060e800000, 0x000000060ec00000, 0x000000060ec00000|100%| O|  |TAMS 0x000000060e800000| PB 0x000000060e800000| Untracked 
|  59|0x000000060ec00000, 0x000000060ec00000, 0x000000060f000000|  0%| F|  |TAMS 0x000000060ec00000| PB 0x000000060ec00000| Untracked 
|  60|0x000000060f000000, 0x000000060f000000, 0x000000060f400000|  0%| F|  |TAMS 0x000000060f000000| PB 0x000000060f000000| Untracked 
|  61|0x000000060f400000, 0x000000060f800000, 0x000000060f800000|100%| O|  |TAMS 0x000000060f400000| PB 0x000000060f400000| Untracked 
|  62|0x000000060f800000, 0x000000060fc00000, 0x000000060fc00000|100%| O|  |TAMS 0x000000060f800000| PB 0x000000060f800000| Untracked 
|  63|0x000000060fc00000, 0x0000000610000000, 0x0000000610000000|100%| O|  |TAMS 0x000000060fc00000| PB 0x000000060fc00000| Untracked 
|  64|0x0000000610000000, 0x0000000610000000, 0x0000000610400000|  0%| F|  |TAMS 0x0000000610000000| PB 0x0000000610000000| Untracked 
|  65|0x0000000610400000, 0x0000000610800000, 0x0000000610800000|100%| O|  |TAMS 0x0000000610400000| PB 0x0000000610400000| Untracked 
|  66|0x0000000610800000, 0x0000000610c00000, 0x0000000610c00000|100%| O|  |TAMS 0x0000000610800000| PB 0x0000000610800000| Untracked 
|  67|0x0000000610c00000, 0x0000000611000000, 0x0000000611000000|100%| O|  |TAMS 0x0000000610c00000| PB 0x0000000610c00000| Untracked 
|  68|0x0000000611000000, 0x0000000611000000, 0x0000000611400000|  0%| F|  |TAMS 0x0000000611000000| PB 0x0000000611000000| Untracked 
|  69|0x0000000611400000, 0x0000000611400000, 0x0000000611800000|  0%| F|  |TAMS 0x0000000611400000| PB 0x0000000611400000| Untracked 
|  70|0x0000000611800000, 0x0000000611c00000, 0x0000000611c00000|100%| O|  |TAMS 0x0000000611800000| PB 0x0000000611800000| Untracked 
|  71|0x0000000611c00000, 0x0000000612000000, 0x0000000612000000|100%| O|  |TAMS 0x0000000611c00000| PB 0x0000000611c00000| Untracked 
|  72|0x0000000612000000, 0x0000000612000000, 0x0000000612400000|  0%| F|  |TAMS 0x0000000612000000| PB 0x0000000612000000| Untracked 
|  73|0x0000000612400000, 0x0000000612800000, 0x0000000612800000|100%| O|  |TAMS 0x0000000612400000| PB 0x0000000612400000| Untracked 
|  74|0x0000000612800000, 0x0000000612c00000, 0x0000000612c00000|100%| O|  |TAMS 0x0000000612800000| PB 0x0000000612800000| Untracked 
|  75|0x0000000612c00000, 0x0000000613000000, 0x0000000613000000|100%| O|  |TAMS 0x0000000612c00000| PB 0x0000000612c00000| Untracked 
|  76|0x0000000613000000, 0x0000000613400000, 0x0000000613400000|100%| O|  |TAMS 0x0000000613000000| PB 0x0000000613000000| Untracked 
|  77|0x0000000613400000, 0x0000000613800000, 0x0000000613800000|100%| O|  |TAMS 0x0000000613400000| PB 0x0000000613400000| Untracked 
|  78|0x0000000613800000, 0x0000000613c00000, 0x0000000613c00000|100%| O|  |TAMS 0x0000000613800000| PB 0x0000000613800000| Untracked 
|  79|0x0000000613c00000, 0x0000000614000000, 0x0000000614000000|100%| O|  |TAMS 0x0000000613c00000| PB 0x0000000613c00000| Untracked 
|  80|0x0000000614000000, 0x0000000614000000, 0x0000000614400000|  0%| F|  |TAMS 0x0000000614000000| PB 0x0000000614000000| Untracked 
|  81|0x0000000614400000, 0x0000000614800000, 0x0000000614800000|100%| O|  |TAMS 0x0000000614400000| PB 0x0000000614400000| Untracked 
|  82|0x0000000614800000, 0x0000000614c00000, 0x0000000614c00000|100%| O|  |TAMS 0x0000000614800000| PB 0x0000000614800000| Untracked 
|  83|0x0000000614c00000, 0x0000000615000000, 0x0000000615000000|100%| O|Cm|TAMS 0x0000000614c00000| PB 0x0000000614c00000| Complete 
|  84|0x0000000615000000, 0x0000000615000000, 0x0000000615400000|  0%| F|  |TAMS 0x0000000615000000| PB 0x0000000615000000| Untracked 
|  85|0x0000000615400000, 0x0000000615800000, 0x0000000615800000|100%| O|  |TAMS 0x0000000615400000| PB 0x0000000615400000| Untracked 
|  86|0x0000000615800000, 0x0000000615c00000, 0x0000000615c00000|100%| O|  |TAMS 0x0000000615800000| PB 0x0000000615800000| Untracked 
|  87|0x0000000615c00000, 0x0000000615c00000, 0x0000000616000000|  0%| F|  |TAMS 0x0000000615c00000| PB 0x0000000615c00000| Untracked 
|  88|0x0000000616000000, 0x0000000616000000, 0x0000000616400000|  0%| F|  |TAMS 0x0000000616000000| PB 0x0000000616000000| Untracked 
|  89|0x0000000616400000, 0x0000000616800000, 0x0000000616800000|100%| O|  |TAMS 0x0000000616400000| PB 0x0000000616400000| Untracked 
|  90|0x0000000616800000, 0x0000000616c00000, 0x0000000616c00000|100%| O|  |TAMS 0x0000000616800000| PB 0x0000000616800000| Untracked 
|  91|0x0000000616c00000, 0x0000000617000000, 0x0000000617000000|100%| O|  |TAMS 0x0000000616c00000| PB 0x0000000616c00000| Untracked 
|  92|0x0000000617000000, 0x0000000617400000, 0x0000000617400000|100%| O|  |TAMS 0x0000000617000000| PB 0x0000000617000000| Untracked 
|  93|0x0000000617400000, 0x0000000617800000, 0x0000000617800000|100%| O|  |TAMS 0x0000000617400000| PB 0x0000000617400000| Untracked 
|  94|0x0000000617800000, 0x0000000617800000, 0x0000000617c00000|  0%| F|  |TAMS 0x0000000617800000| PB 0x0000000617800000| Untracked 
|  95|0x0000000617c00000, 0x0000000617c00000, 0x0000000618000000|  0%| F|  |TAMS 0x0000000617c00000| PB 0x0000000617c00000| Untracked 
|  96|0x0000000618000000, 0x0000000618400000, 0x0000000618400000|100%| O|  |TAMS 0x0000000618000000| PB 0x0000000618000000| Untracked 
|  97|0x0000000618400000, 0x0000000618800000, 0x0000000618800000|100%| O|  |TAMS 0x0000000618400000| PB 0x0000000618400000| Untracked 
|  98|0x0000000618800000, 0x0000000618c00000, 0x0000000618c00000|100%| O|  |TAMS 0x0000000618800000| PB 0x0000000618800000| Untracked 
|  99|0x0000000618c00000, 0x0000000619000000, 0x0000000619000000|100%| O|Cm|TAMS 0x0000000618c00000| PB 0x0000000618c00000| Complete 
| 100|0x0000000619000000, 0x0000000619000000, 0x0000000619400000|  0%| F|  |TAMS 0x0000000619000000| PB 0x0000000619000000| Untracked 
| 101|0x0000000619400000, 0x0000000619400000, 0x0000000619800000|  0%| F|  |TAMS 0x0000000619400000| PB 0x0000000619400000| Untracked 
| 102|0x0000000619800000, 0x0000000619c00000, 0x0000000619c00000|100%| O|Cm|TAMS 0x0000000619800000| PB 0x0000000619800000| Complete 
| 103|0x0000000619c00000, 0x0000000619c00000, 0x000000061a000000|  0%| F|  |TAMS 0x0000000619c00000| PB 0x0000000619c00000| Untracked 
| 104|0x000000061a000000, 0x000000061a000000, 0x000000061a400000|  0%| F|  |TAMS 0x000000061a000000| PB 0x000000061a000000| Untracked 
| 105|0x000000061a400000, 0x000000061a400000, 0x000000061a800000|  0%| F|  |TAMS 0x000000061a400000| PB 0x000000061a400000| Untracked 
| 106|0x000000061a800000, 0x000000061a800000, 0x000000061ac00000|  0%| F|  |TAMS 0x000000061a800000| PB 0x000000061a800000| Untracked 
| 107|0x000000061ac00000, 0x000000061ac00000, 0x000000061b000000|  0%| F|  |TAMS 0x000000061ac00000| PB 0x000000061ac00000| Untracked 
| 108|0x000000061b000000, 0x000000061b000000, 0x000000061b400000|  0%| F|  |TAMS 0x000000061b000000| PB 0x000000061b000000| Untracked 
| 109|0x000000061b400000, 0x000000061b400000, 0x000000061b800000|  0%| F|  |TAMS 0x000000061b400000| PB 0x000000061b400000| Untracked 
| 110|0x000000061b800000, 0x000000061b800000, 0x000000061bc00000|  0%| F|  |TAMS 0x000000061b800000| PB 0x000000061b800000| Untracked 
| 111|0x000000061bc00000, 0x000000061c000000, 0x000000061c000000|100%| S|CS|TAMS 0x000000061bc00000| PB 0x000000061bc00000| Complete 
| 112|0x000000061c000000, 0x000000061c400000, 0x000000061c400000|100%| O|Cm|TAMS 0x000000061c000000| PB 0x000000061c000000| Complete 
| 113|0x000000061c400000, 0x000000061c800000, 0x000000061c800000|100%| S|CS|TAMS 0x000000061c400000| PB 0x000000061c400000| Complete 
| 114|0x000000061c800000, 0x000000061cc00000, 0x000000061cc00000|100%| S|CS|TAMS 0x000000061c800000| PB 0x000000061c800000| Complete 
| 115|0x000000061cc00000, 0x000000061d000000, 0x000000061d000000|100%| S|CS|TAMS 0x000000061cc00000| PB 0x000000061cc00000| Complete 
| 116|0x000000061d000000, 0x000000061d400000, 0x000000061d400000|100%| S|CS|TAMS 0x000000061d000000| PB 0x000000061d000000| Complete 
| 117|0x000000061d400000, 0x000000061d800000, 0x000000061d800000|100%| S|CS|TAMS 0x000000061d400000| PB 0x000000061d400000| Complete 
| 118|0x000000061d800000, 0x000000061dc00000, 0x000000061dc00000|100%| S|CS|TAMS 0x000000061d800000| PB 0x000000061d800000| Complete 
| 119|0x000000061dc00000, 0x000000061e000000, 0x000000061e000000|100%| S|CS|TAMS 0x000000061dc00000| PB 0x000000061dc00000| Complete 
| 120|0x000000061e000000, 0x000000061e400000, 0x000000061e400000|100%| S|CS|TAMS 0x000000061e000000| PB 0x000000061e000000| Complete 
| 121|0x000000061e400000, 0x000000061e400000, 0x000000061e800000|  0%| F|  |TAMS 0x000000061e400000| PB 0x000000061e400000| Untracked 
| 122|0x000000061e800000, 0x000000061e800000, 0x000000061ec00000|  0%| F|  |TAMS 0x000000061e800000| PB 0x000000061e800000| Untracked 
| 123|0x000000061ec00000, 0x000000061ec00000, 0x000000061f000000|  0%| F|  |TAMS 0x000000061ec00000| PB 0x000000061ec00000| Untracked 
| 124|0x000000061f000000, 0x000000061f000000, 0x000000061f400000|  0%| F|  |TAMS 0x000000061f000000| PB 0x000000061f000000| Untracked 
| 125|0x000000061f400000, 0x000000061f400000, 0x000000061f800000|  0%| F|  |TAMS 0x000000061f400000| PB 0x000000061f400000| Untracked 
| 126|0x000000061f800000, 0x000000061f800000, 0x000000061fc00000|  0%| F|  |TAMS 0x000000061f800000| PB 0x000000061f800000| Untracked 
| 127|0x000000061fc00000, 0x000000061fc00000, 0x0000000620000000|  0%| F|  |TAMS 0x000000061fc00000| PB 0x000000061fc00000| Untracked 
| 128|0x0000000620000000, 0x0000000620000000, 0x0000000620400000|  0%| F|  |TAMS 0x0000000620000000| PB 0x0000000620000000| Untracked 
| 129|0x0000000620400000, 0x0000000620400000, 0x0000000620800000|  0%| F|  |TAMS 0x0000000620400000| PB 0x0000000620400000| Untracked 
| 130|0x0000000620800000, 0x0000000620800000, 0x0000000620c00000|  0%| F|  |TAMS 0x0000000620800000| PB 0x0000000620800000| Untracked 
| 131|0x0000000620c00000, 0x0000000620c00000, 0x0000000621000000|  0%| F|  |TAMS 0x0000000620c00000| PB 0x0000000620c00000| Untracked 
| 132|0x0000000621000000, 0x0000000621000000, 0x0000000621400000|  0%| F|  |TAMS 0x0000000621000000| PB 0x0000000621000000| Untracked 
| 133|0x0000000621400000, 0x0000000621400000, 0x0000000621800000|  0%| F|  |TAMS 0x0000000621400000| PB 0x0000000621400000| Untracked 
| 134|0x0000000621800000, 0x0000000621800000, 0x0000000621c00000|  0%| F|  |TAMS 0x0000000621800000| PB 0x0000000621800000| Untracked 
| 135|0x0000000621c00000, 0x0000000621c00000, 0x0000000622000000|  0%| F|  |TAMS 0x0000000621c00000| PB 0x0000000621c00000| Untracked 
| 136|0x0000000622000000, 0x0000000622000000, 0x0000000622400000|  0%| F|  |TAMS 0x0000000622000000| PB 0x0000000622000000| Untracked 
| 137|0x0000000622400000, 0x0000000622400000, 0x0000000622800000|  0%| F|  |TAMS 0x0000000622400000| PB 0x0000000622400000| Untracked 
| 138|0x0000000622800000, 0x0000000622800000, 0x0000000622c00000|  0%| F|  |TAMS 0x0000000622800000| PB 0x0000000622800000| Untracked 
| 139|0x0000000622c00000, 0x0000000622c00000, 0x0000000623000000|  0%| F|  |TAMS 0x0000000622c00000| PB 0x0000000622c00000| Untracked 
| 140|0x0000000623000000, 0x0000000623000000, 0x0000000623400000|  0%| F|  |TAMS 0x0000000623000000| PB 0x0000000623000000| Untracked 
| 141|0x0000000623400000, 0x0000000623400000, 0x0000000623800000|  0%| F|  |TAMS 0x0000000623400000| PB 0x0000000623400000| Untracked 
| 142|0x0000000623800000, 0x0000000623800000, 0x0000000623c00000|  0%| F|  |TAMS 0x0000000623800000| PB 0x0000000623800000| Untracked 
| 143|0x0000000623c00000, 0x0000000623c00000, 0x0000000624000000|  0%| F|  |TAMS 0x0000000623c00000| PB 0x0000000623c00000| Untracked 
| 144|0x0000000624000000, 0x0000000624000000, 0x0000000624400000|  0%| F|  |TAMS 0x0000000624000000| PB 0x0000000624000000| Untracked 
| 145|0x0000000624400000, 0x0000000624400000, 0x0000000624800000|  0%| F|  |TAMS 0x0000000624400000| PB 0x0000000624400000| Untracked 
| 146|0x0000000624800000, 0x0000000624800000, 0x0000000624c00000|  0%| F|  |TAMS 0x0000000624800000| PB 0x0000000624800000| Untracked 
| 147|0x0000000624c00000, 0x0000000624c00000, 0x0000000625000000|  0%| F|  |TAMS 0x0000000624c00000| PB 0x0000000624c00000| Untracked 
| 148|0x0000000625000000, 0x0000000625000000, 0x0000000625400000|  0%| F|  |TAMS 0x0000000625000000| PB 0x0000000625000000| Untracked 
| 149|0x0000000625400000, 0x0000000625400000, 0x0000000625800000|  0%| F|  |TAMS 0x0000000625400000| PB 0x0000000625400000| Untracked 
| 150|0x0000000625800000, 0x0000000625800000, 0x0000000625c00000|  0%| F|  |TAMS 0x0000000625800000| PB 0x0000000625800000| Untracked 
| 151|0x0000000625c00000, 0x0000000625c00000, 0x0000000626000000|  0%| F|  |TAMS 0x0000000625c00000| PB 0x0000000625c00000| Untracked 
| 152|0x0000000626000000, 0x0000000626400000, 0x0000000626400000|100%| E|  |TAMS 0x0000000626000000| PB 0x0000000626000000| Complete 
| 153|0x0000000626400000, 0x0000000626800000, 0x0000000626800000|100%| E|CS|TAMS 0x0000000626400000| PB 0x0000000626400000| Complete 
| 154|0x0000000626800000, 0x0000000626c00000, 0x0000000626c00000|100%| E|CS|TAMS 0x0000000626800000| PB 0x0000000626800000| Complete 
| 155|0x0000000626c00000, 0x0000000627000000, 0x0000000627000000|100%| E|CS|TAMS 0x0000000626c00000| PB 0x0000000626c00000| Complete 
| 156|0x0000000627000000, 0x0000000627400000, 0x0000000627400000|100%| E|CS|TAMS 0x0000000627000000| PB 0x0000000627000000| Complete 
| 157|0x0000000627400000, 0x0000000627800000, 0x0000000627800000|100%| E|CS|TAMS 0x0000000627400000| PB 0x0000000627400000| Complete 
| 158|0x0000000627800000, 0x0000000627c00000, 0x0000000627c00000|100%| E|CS|TAMS 0x0000000627800000| PB 0x0000000627800000| Complete 
| 159|0x0000000627c00000, 0x0000000628000000, 0x0000000628000000|100%| E|CS|TAMS 0x0000000627c00000| PB 0x0000000627c00000| Complete 
| 160|0x0000000628000000, 0x0000000628400000, 0x0000000628400000|100%| E|CS|TAMS 0x0000000628000000| PB 0x0000000628000000| Complete 
| 161|0x0000000628400000, 0x0000000628800000, 0x0000000628800000|100%| E|CS|TAMS 0x0000000628400000| PB 0x0000000628400000| Complete 
| 162|0x0000000628800000, 0x0000000628c00000, 0x0000000628c00000|100%| E|CS|TAMS 0x0000000628800000| PB 0x0000000628800000| Complete 
| 163|0x0000000628c00000, 0x0000000629000000, 0x0000000629000000|100%| E|CS|TAMS 0x0000000628c00000| PB 0x0000000628c00000| Complete 
| 164|0x0000000629000000, 0x0000000629400000, 0x0000000629400000|100%| E|CS|TAMS 0x0000000629000000| PB 0x0000000629000000| Complete 
| 165|0x0000000629400000, 0x0000000629800000, 0x0000000629800000|100%| E|CS|TAMS 0x0000000629400000| PB 0x0000000629400000| Complete 
| 166|0x0000000629800000, 0x0000000629c00000, 0x0000000629c00000|100%| E|CS|TAMS 0x0000000629800000| PB 0x0000000629800000| Complete 
| 167|0x0000000629c00000, 0x000000062a000000, 0x000000062a000000|100%| E|CS|TAMS 0x0000000629c00000| PB 0x0000000629c00000| Complete 
| 168|0x000000062a000000, 0x000000062a400000, 0x000000062a400000|100%| E|CS|TAMS 0x000000062a000000| PB 0x000000062a000000| Complete 
| 169|0x000000062a400000, 0x000000062a800000, 0x000000062a800000|100%| E|CS|TAMS 0x000000062a400000| PB 0x000000062a400000| Complete 
| 170|0x000000062a800000, 0x000000062ac00000, 0x000000062ac00000|100%| E|CS|TAMS 0x000000062a800000| PB 0x000000062a800000| Complete 
| 171|0x000000062ac00000, 0x000000062b000000, 0x000000062b000000|100%| E|CS|TAMS 0x000000062ac00000| PB 0x000000062ac00000| Complete 
| 172|0x000000062b000000, 0x000000062b400000, 0x000000062b400000|100%| E|CS|TAMS 0x000000062b000000| PB 0x000000062b000000| Complete 
| 173|0x000000062b400000, 0x000000062b800000, 0x000000062b800000|100%| E|CS|TAMS 0x000000062b400000| PB 0x000000062b400000| Complete 
| 174|0x000000062b800000, 0x000000062bc00000, 0x000000062bc00000|100%| E|CS|TAMS 0x000000062b800000| PB 0x000000062b800000| Complete 
| 175|0x000000062bc00000, 0x000000062c000000, 0x000000062c000000|100%| E|CS|TAMS 0x000000062bc00000| PB 0x000000062bc00000| Complete 
| 176|0x000000062c000000, 0x000000062c400000, 0x000000062c400000|100%| E|CS|TAMS 0x000000062c000000| PB 0x000000062c000000| Complete 
| 177|0x000000062c400000, 0x000000062c800000, 0x000000062c800000|100%| E|CS|TAMS 0x000000062c400000| PB 0x000000062c400000| Complete 
|2040|0x00000007fe000000, 0x00000007fe400000, 0x00000007fe400000|100%| E|CS|TAMS 0x00000007fe000000| PB 0x00000007fe000000| Complete 
|2041|0x00000007fe400000, 0x00000007fe800000, 0x00000007fe800000|100%| E|CS|TAMS 0x00000007fe400000| PB 0x00000007fe400000| Complete 
|2042|0x00000007fe800000, 0x00000007fec00000, 0x00000007fec00000|100%| E|CS|TAMS 0x00000007fe800000| PB 0x00000007fe800000| Complete 
|2043|0x00000007fec00000, 0x00000007ff000000, 0x00000007ff000000|100%| E|CS|TAMS 0x00000007fec00000| PB 0x00000007fec00000| Complete 
|2044|0x00000007ff000000, 0x00000007ff400000, 0x00000007ff400000|100%| E|CS|TAMS 0x00000007ff000000| PB 0x00000007ff000000| Complete 
|2045|0x00000007ff400000, 0x00000007ff800000, 0x00000007ff800000|100%| E|CS|TAMS 0x00000007ff400000| PB 0x00000007ff400000| Complete 
|2046|0x00000007ff800000, 0x00000007ffc00000, 0x00000007ffc00000|100%| E|CS|TAMS 0x00000007ff800000| PB 0x00000007ff800000| Complete 
|2047|0x00000007ffc00000, 0x0000000800000000, 0x0000000800000000|100%| E|CS|TAMS 0x00000007ffc00000| PB 0x00000007ffc00000| Complete 

Card table byte_map: [0x00000228fc860000,0x00000228fd860000] _byte_map_base: 0x00000228f9860000

Marking Bits: (CMBitMap*) 0x00000228d81a8b40
 Bits: [0x0000022880000000, 0x0000022888000000)

Polling page: 0x00000228d5a80000

Metaspace:

Usage:
  Non-class:    109.33 MB used.
      Class:     16.90 MB used.
       Both:    126.24 MB used.

Virtual space:
  Non-class space:      128.00 MB reserved,     110.88 MB ( 87%) committed,  2 nodes.
      Class space:        1.00 GB reserved,      18.38 MB (  2%) committed,  1 nodes.
             Both:        1.12 GB reserved,     129.25 MB ( 11%) committed. 

Chunk freelists:
   Non-Class:  1.16 MB
       Class:  13.60 MB
        Both:  14.75 MB

MaxMetaspaceSize: 4.00 GB
CompressedClassSpaceSize: 1.00 GB
Initial GC threshold: 21.00 MB
Current GC threshold: 215.25 MB
CDS: on
 - commit_granule_bytes: 65536.
 - commit_granule_words: 8192.
 - virtual_space_node_default_size: 8388608.
 - enlarge_chunks_in_place: 1.
 - use_allocation_guard: 0.


Internal statistics:

num_allocs_failed_limit: 9.
num_arena_births: 5440.
num_arena_deaths: 0.
num_vsnodes_births: 3.
num_vsnodes_deaths: 0.
num_space_committed: 2068.
num_space_uncommitted: 0.
num_chunks_returned_to_freelist: 9.
num_chunks_taken_from_freelist: 12127.
num_chunk_merges: 9.
num_chunk_splits: 7731.
num_chunks_enlarged: 4703.
num_inconsistent_stats: 0.

CodeHeap 'non-profiled nmethods': size=259264Kb used=26498Kb max_used=26498Kb free=232765Kb
 bounds [0x00000228eb5c0000, 0x00000228ecfc0000, 0x00000228fb2f0000]
CodeHeap 'profiled nmethods': size=259264Kb used=54593Kb max_used=55185Kb free=204670Kb
 bounds [0x00000228db2f0000, 0x00000228de990000, 0x00000228eb020000]
CodeHeap 'non-nmethods': size=5760Kb used=3067Kb max_used=3125Kb free=2692Kb
 bounds [0x00000228eb020000, 0x00000228eb340000, 0x00000228eb5c0000]
CodeCache: size=524288Kb, used=84158Kb, max_used=84808Kb, free=440127Kb
 total_blobs=25838, nmethods=24790, adapters=950, full_count=0
Compilation: enabled, stopped_count=0, restarted_count=0

Compilation events (20 events):
Event: 660.957 Thread 0x00000228fda404e0 33451       4       org.jetbrains.kotlin.gradle.plugin.mpp.KotlinCompilationsKt::addSourcesToKotlinCompileTask$configureAction (311 bytes)
Event: 661.013 Thread 0x00000228fda404e0 nmethod 33451 0x00000228ecfb5e90 code [0x00000228ecfb61c0, 0x00000228ecfb7568]
Event: 661.014 Thread 0x00000228fda404e0 33452       4       com.android.build.api.variant.impl.SourcesImpl::<init> (1579 bytes)
Event: 661.079 Thread 0x00000228fda54400 33453       3       java.lang.invoke.LambdaForm$DMH/0x000002288b22c400::newInvokeSpecial (27 bytes)
Event: 661.082 Thread 0x00000228fda54400 nmethod 33453 0x00000228dcc86010 code [0x00000228dcc86380, 0x00000228dcc87b20]
Event: 661.092 Thread 0x00000228fda54400 33454       3       org.gradle.api.tasks.compile.JavaCompile_Decorated::getPatternSetFactory (32 bytes)
Event: 661.092 Thread 0x00000228fda54400 nmethod 33454 0x00000228dbd25c10 code [0x00000228dbd25de0, 0x00000228dbd26210]
Event: 661.092 Thread 0x00000228fda54400 33455       3       org.gradle.api.tasks.compile.JavaCompile_Decorated$$Lambda/0x000002288aa7dc00::run (8 bytes)
Event: 661.093 Thread 0x00000228fda54400 nmethod 33455 0x00000228db834890 code [0x00000228db834a40, 0x00000228db834b88]
Event: 661.093 Thread 0x00000228fda54400 33456       3       org.gradle.api.tasks.compile.JavaCompile_Decorated::$gradleInitWork (52 bytes)
Event: 661.094 Thread 0x00000228fda54400 nmethod 33456 0x00000228dc0af710 code [0x00000228dc0af9a0, 0x00000228dc0b05b8]
Event: 661.094 Thread 0x00000228fda54400 33457       3       org.gradle.api.tasks.compile.JavaCompile_Decorated::$gradleInitAttach (1 bytes)
Event: 661.094 Thread 0x00000228fda54400 nmethod 33457 0x00000228db88cb90 code [0x00000228db88cd20, 0x00000228db88ce28]
Event: 661.150 Thread 0x00000228fda54400 33460       3       com.android.build.gradle.internal.lint.LintModelWriterTask_Decorated::getOutputDirectory (43 bytes)
Event: 661.151 Thread 0x00000228fda54400 nmethod 33460 0x00000228dcc85190 code [0x00000228dcc853c0, 0x00000228dcc85cf0]
Event: 661.169 Thread 0x00000228fda54400 33461       3       java.lang.invoke.LambdaForm$DMH/0x000002288b22c800::newInvokeSpecial (27 bytes)
Event: 661.172 Thread 0x00000228fda54400 nmethod 33461 0x00000228dcda7b10 code [0x00000228dcda7ee0, 0x00000228dcda9b48]
Event: 661.173 Thread 0x00000228fda54400 33462       3       com.android.build.gradle.internal.lint.AndroidLintTask$VariantCreationAction::configure (9 bytes)
Event: 661.173 Thread 0x00000228fda54400 nmethod 33462 0x00000228db88db10 code [0x00000228db88dcc0, 0x00000228db88def0]
Event: 661.173 Thread 0x00000228fda54400 33463       3       com.android.build.gradle.internal.lint.AndroidLintTask$VariantCreationAction::configure (1903 bytes)

GC Heap History (20 events):
Event: 538.834 GC heap before
{Heap before GC invocations=121 (full 0):
 garbage-first heap   total 761856K, used 644294K [0x0000000600000000, 0x0000000800000000)
  region size 4096K, 75 young (307200K), 8 survivors (32768K)
 Metaspace       used 128443K, committed 131520K, reserved 1179648K
  class space    used 17303K, committed 18816K, reserved 1048576K
}
Event: 538.915 GC heap after
{Heap after GC invocations=122 (full 0):
 garbage-first heap   total 761856K, used 408649K [0x0000000600000000, 0x0000000800000000)
  region size 4096K, 10 young (40960K), 10 survivors (40960K)
 Metaspace       used 128443K, committed 131520K, reserved 1179648K
  class space    used 17303K, committed 18816K, reserved 1048576K
}
Event: 557.617 GC heap before
{Heap before GC invocations=122 (full 0):
 garbage-first heap   total 761856K, used 654409K [0x0000000600000000, 0x0000000800000000)
  region size 4096K, 70 young (286720K), 10 survivors (40960K)
 Metaspace       used 128561K, committed 131648K, reserved 1179648K
  class space    used 17303K, committed 18816K, reserved 1048576K
}
Event: 557.690 GC heap after
{Heap after GC invocations=123 (full 0):
 garbage-first heap   total 761856K, used 434180K [0x0000000600000000, 0x0000000800000000)
  region size 4096K, 6 young (24576K), 6 survivors (24576K)
 Metaspace       used 128561K, committed 131648K, reserved 1179648K
  class space    used 17303K, committed 18816K, reserved 1048576K
}
Event: 564.274 GC heap before
{Heap before GC invocations=123 (full 0):
 garbage-first heap   total 761856K, used 667652K [0x0000000600000000, 0x0000000800000000)
  region size 4096K, 63 young (258048K), 6 survivors (24576K)
 Metaspace       used 128582K, committed 131648K, reserved 1179648K
  class space    used 17303K, committed 18816K, reserved 1048576K
}
Event: 564.337 GC heap after
{Heap after GC invocations=124 (full 0):
 garbage-first heap   total 761856K, used 467277K [0x0000000600000000, 0x0000000800000000)
  region size 4096K, 8 young (32768K), 8 survivors (32768K)
 Metaspace       used 128582K, committed 131648K, reserved 1179648K
  class space    used 17303K, committed 18816K, reserved 1048576K
}
Event: 587.904 GC heap before
{Heap before GC invocations=125 (full 0):
 garbage-first heap   total 761856K, used 639309K [0x0000000600000000, 0x0000000800000000)
  region size 4096K, 59 young (241664K), 8 survivors (32768K)
 Metaspace       used 128665K, committed 131712K, reserved 1179648K
  class space    used 17304K, committed 18816K, reserved 1048576K
}
Event: 587.973 GC heap after
{Heap after GC invocations=126 (full 0):
 garbage-first heap   total 761856K, used 460363K [0x0000000600000000, 0x0000000800000000)
  region size 4096K, 7 young (28672K), 7 survivors (28672K)
 Metaspace       used 128665K, committed 131712K, reserved 1179648K
  class space    used 17304K, committed 18816K, reserved 1048576K
}
Event: 593.721 GC heap before
{Heap before GC invocations=126 (full 0):
 garbage-first heap   total 761856K, used 673355K [0x0000000600000000, 0x0000000800000000)
  region size 4096K, 59 young (241664K), 7 survivors (28672K)
 Metaspace       used 128902K, committed 132032K, reserved 1179648K
  class space    used 17305K, committed 18816K, reserved 1048576K
}
Event: 593.790 GC heap after
{Heap after GC invocations=127 (full 0):
 garbage-first heap   total 761856K, used 410773K [0x0000000600000000, 0x0000000800000000)
  region size 4096K, 7 young (28672K), 7 survivors (28672K)
 Metaspace       used 128902K, committed 132032K, reserved 1179648K
  class space    used 17305K, committed 18816K, reserved 1048576K
}
Event: 605.380 GC heap before
{Heap before GC invocations=127 (full 0):
 garbage-first heap   total 761856K, used 664725K [0x0000000600000000, 0x0000000800000000)
  region size 4096K, 69 young (282624K), 7 survivors (28672K)
 Metaspace       used 128989K, committed 132096K, reserved 1179648K
  class space    used 17307K, committed 18816K, reserved 1048576K
}
Event: 605.492 GC heap after
{Heap after GC invocations=128 (full 0):
 garbage-first heap   total 761856K, used 396919K [0x0000000600000000, 0x0000000800000000)
  region size 4096K, 9 young (36864K), 9 survivors (36864K)
 Metaspace       used 128989K, committed 132096K, reserved 1179648K
  class space    used 17307K, committed 18816K, reserved 1048576K
}
Event: 627.964 GC heap before
{Heap before GC invocations=128 (full 0):
 garbage-first heap   total 761856K, used 659063K [0x0000000600000000, 0x0000000800000000)
  region size 4096K, 73 young (299008K), 9 survivors (36864K)
 Metaspace       used 129078K, committed 132160K, reserved 1179648K
  class space    used 17307K, committed 18816K, reserved 1048576K
}
Event: 628.027 GC heap after
{Heap after GC invocations=129 (full 0):
 garbage-first heap   total 761856K, used 430290K [0x0000000600000000, 0x0000000800000000)
  region size 4096K, 8 young (32768K), 8 survivors (32768K)
 Metaspace       used 129078K, committed 132160K, reserved 1179648K
  class space    used 17307K, committed 18816K, reserved 1048576K
}
Event: 634.075 GC heap before
{Heap before GC invocations=129 (full 0):
 garbage-first heap   total 761856K, used 667858K [0x0000000600000000, 0x0000000800000000)
  region size 4096K, 66 young (270336K), 8 survivors (32768K)
 Metaspace       used 129115K, committed 132224K, reserved 1179648K
  class space    used 17307K, committed 18816K, reserved 1048576K
}
Event: 634.141 GC heap after
{Heap after GC invocations=130 (full 0):
 garbage-first heap   total 761856K, used 462378K [0x0000000600000000, 0x0000000800000000)
  region size 4096K, 9 young (36864K), 9 survivors (36864K)
 Metaspace       used 129115K, committed 132224K, reserved 1179648K
  class space    used 17307K, committed 18816K, reserved 1048576K
}
Event: 655.531 GC heap before
{Heap before GC invocations=131 (full 0):
 garbage-first heap   total 761856K, used 618026K [0x0000000600000000, 0x0000000800000000)
  region size 4096K, 61 young (249856K), 9 survivors (36864K)
 Metaspace       used 129187K, committed 132224K, reserved 1179648K
  class space    used 17307K, committed 18816K, reserved 1048576K
}
Event: 655.593 GC heap after
{Heap after GC invocations=132 (full 0):
 garbage-first heap   total 761856K, used 430756K [0x0000000600000000, 0x0000000800000000)
  region size 4096K, 7 young (28672K), 7 survivors (28672K)
 Metaspace       used 129187K, committed 132224K, reserved 1179648K
  class space    used 17307K, committed 18816K, reserved 1048576K
}
Event: 659.806 GC heap before
{Heap before GC invocations=132 (full 0):
 garbage-first heap   total 761856K, used 668324K [0x0000000600000000, 0x0000000800000000)
  region size 4096K, 65 young (266240K), 7 survivors (28672K)
 Metaspace       used 129228K, committed 132288K, reserved 1179648K
  class space    used 17307K, committed 18816K, reserved 1048576K
}
Event: 659.876 GC heap after
{Heap after GC invocations=133 (full 0):
 garbage-first heap   total 761856K, used 388894K [0x0000000600000000, 0x0000000800000000)
  region size 4096K, 9 young (36864K), 9 survivors (36864K)
 Metaspace       used 129228K, committed 132288K, reserved 1179648K
  class space    used 17307K, committed 18816K, reserved 1048576K
}

Dll operation events (20 events):
Event: 0.307 Attempting to load shared library C:\Users\PrasannVyawahare\.vscode\extensions\redhat.java-1.56.0-win32-x64\jre\21.0.12.1-win32-x86_64\bin\nio.dll
Event: 0.311 Loaded shared library C:\Users\PrasannVyawahare\.vscode\extensions\redhat.java-1.56.0-win32-x64\jre\21.0.12.1-win32-x86_64\bin\nio.dll
Event: 0.320 Attempting to load shared library C:\Users\PrasannVyawahare\.vscode\extensions\redhat.java-1.56.0-win32-x64\jre\21.0.12.1-win32-x86_64\bin\zip.dll
Event: 0.320 Loaded shared library C:\Users\PrasannVyawahare\.vscode\extensions\redhat.java-1.56.0-win32-x64\jre\21.0.12.1-win32-x86_64\bin\zip.dll
Event: 1.151 Attempting to load shared library C:\Users\PrasannVyawahare\.vscode\extensions\redhat.java-1.56.0-win32-x64\jre\21.0.12.1-win32-x86_64\bin\jimage.dll
Event: 1.151 Loaded shared library C:\Users\PrasannVyawahare\.vscode\extensions\redhat.java-1.56.0-win32-x64\jre\21.0.12.1-win32-x86_64\bin\jimage.dll
Event: 2.059 Attempting to load shared library C:\Users\PrasannVyawahare\.vscode\extensions\redhat.java-1.56.0-win32-x64\jre\21.0.12.1-win32-x86_64\bin\verify.dll
Event: 2.064 Loaded shared library C:\Users\PrasannVyawahare\.vscode\extensions\redhat.java-1.56.0-win32-x64\jre\21.0.12.1-win32-x86_64\bin\verify.dll
Event: 2.305 Attempting to load shared library C:\Users\PrasannVyawahare\.gradle\native\1def1411415f61bf3af743bc5b6707747c0891f09f0c88961ee8f79bc544acac\windows-amd64\native-platform.dll
Event: 2.309 Loaded shared library C:\Users\PrasannVyawahare\.gradle\native\1def1411415f61bf3af743bc5b6707747c0891f09f0c88961ee8f79bc544acac\windows-amd64\native-platform.dll
Event: 2.343 Attempting to load shared library C:\Users\PrasannVyawahare\.gradle\native\0.2.7\x86_64-windows-gnu\gradle-fileevents.dll
Event: 2.348 Loaded shared library C:\Users\PrasannVyawahare\.gradle\native\0.2.7\x86_64-windows-gnu\gradle-fileevents.dll
Event: 6.201 Attempting to load shared library C:\Users\PrasannVyawahare\.vscode\extensions\redhat.java-1.56.0-win32-x64\jre\21.0.12.1-win32-x86_64\bin\management.dll
Event: 6.211 Loaded shared library C:\Users\PrasannVyawahare\.vscode\extensions\redhat.java-1.56.0-win32-x64\jre\21.0.12.1-win32-x86_64\bin\management.dll
Event: 6.217 Attempting to load shared library C:\Users\PrasannVyawahare\.vscode\extensions\redhat.java-1.56.0-win32-x64\jre\21.0.12.1-win32-x86_64\bin\management_ext.dll
Event: 6.225 Loaded shared library C:\Users\PrasannVyawahare\.vscode\extensions\redhat.java-1.56.0-win32-x64\jre\21.0.12.1-win32-x86_64\bin\management_ext.dll
Event: 6.838 Attempting to load shared library C:\Users\PrasannVyawahare\.vscode\extensions\redhat.java-1.56.0-win32-x64\jre\21.0.12.1-win32-x86_64\bin\extnet.dll
Event: 6.842 Loaded shared library C:\Users\PrasannVyawahare\.vscode\extensions\redhat.java-1.56.0-win32-x64\jre\21.0.12.1-win32-x86_64\bin\extnet.dll
Event: 7.508 Attempting to load shared library C:\Users\PrasannVyawahare\.vscode\extensions\redhat.java-1.56.0-win32-x64\jre\21.0.12.1-win32-x86_64\bin\sunmscapi.dll
Event: 7.520 Loaded shared library C:\Users\PrasannVyawahare\.vscode\extensions\redhat.java-1.56.0-win32-x64\jre\21.0.12.1-win32-x86_64\bin\sunmscapi.dll

Deoptimization events (20 events):
Event: 658.276 Thread 0x00000228cecec130 Uncommon trap: trap_request=0xffffffbe fr.pc=0x00000228ecfa7f90 relative=0x00000000000019f0
Event: 658.276 Thread 0x00000228cecec130 Uncommon trap: reason=profile_predicate action=maybe_recompile pc=0x00000228ecfa7f90 method=org.gradle.api.internal.artifacts.ivyservice.resolveengine.graph.builder.DependencyGraphBuilder$1.execute(Lorg/gradle/api/internal/capabilities/CapabilityInternal;
Event: 658.276 Thread 0x00000228cecec130 DEOPT PACKING pc=0x00000228ecfa7f90 sp=0x00000098336f87e0
Event: 658.276 Thread 0x00000228cecec130 DEOPT UNPACKING pc=0x00000228eb077ba2 sp=0x00000098336f87a8 mode 2
Event: 658.277 Thread 0x00000228cecec130 Uncommon trap: trap_request=0xffffffbe fr.pc=0x00000228ecfa7f90 relative=0x00000000000019f0
Event: 658.277 Thread 0x00000228cecec130 Uncommon trap: reason=profile_predicate action=maybe_recompile pc=0x00000228ecfa7f90 method=org.gradle.api.internal.artifacts.ivyservice.resolveengine.graph.builder.DependencyGraphBuilder$1.execute(Lorg/gradle/api/internal/capabilities/CapabilityInternal;
Event: 658.277 Thread 0x00000228cecec130 DEOPT PACKING pc=0x00000228ecfa7f90 sp=0x00000098336f8760
Event: 658.277 Thread 0x00000228cecec130 DEOPT UNPACKING pc=0x00000228eb077ba2 sp=0x00000098336f8738 mode 2
Event: 658.277 Thread 0x00000228cecec130 Uncommon trap: trap_request=0xffffffbe fr.pc=0x00000228ecfa7f90 relative=0x00000000000019f0
Event: 658.277 Thread 0x00000228cecec130 Uncommon trap: reason=profile_predicate action=maybe_recompile pc=0x00000228ecfa7f90 method=org.gradle.api.internal.artifacts.ivyservice.resolveengine.graph.builder.DependencyGraphBuilder$1.execute(Lorg/gradle/api/internal/capabilities/CapabilityInternal;
Event: 658.277 Thread 0x00000228cecec130 DEOPT PACKING pc=0x00000228ecfa7f90 sp=0x00000098336f87e0
Event: 658.277 Thread 0x00000228cecec130 DEOPT UNPACKING pc=0x00000228eb077ba2 sp=0x00000098336f87a8 mode 2
Event: 658.278 Thread 0x00000228cecec130 Uncommon trap: trap_request=0xffffffbe fr.pc=0x00000228ecfa7f90 relative=0x00000000000019f0
Event: 658.278 Thread 0x00000228cecec130 Uncommon trap: reason=profile_predicate action=maybe_recompile pc=0x00000228ecfa7f90 method=org.gradle.api.internal.artifacts.ivyservice.resolveengine.graph.builder.DependencyGraphBuilder$1.execute(Lorg/gradle/api/internal/capabilities/CapabilityInternal;
Event: 658.278 Thread 0x00000228cecec130 DEOPT PACKING pc=0x00000228ecfa7f90 sp=0x00000098336f87e0
Event: 658.278 Thread 0x00000228cecec130 DEOPT UNPACKING pc=0x00000228eb077ba2 sp=0x00000098336f87a8 mode 2
Event: 659.945 Thread 0x00000228cecec130 Uncommon trap: trap_request=0xffffffbe fr.pc=0x00000228ecf0cc5c relative=0x0000000000001d3c
Event: 659.945 Thread 0x00000228cecec130 Uncommon trap: reason=profile_predicate action=maybe_recompile pc=0x00000228ecf0cc5c method=org.gradle.api.internal.artifacts.ivyservice.resolveengine.graph.builder.DependencyGraphBuilder$1.execute(Lorg/gradle/api/internal/capabilities/CapabilityInternal;
Event: 659.945 Thread 0x00000228cecec130 DEOPT PACKING pc=0x00000228ecf0cc5c sp=0x00000098336f8340
Event: 659.945 Thread 0x00000228cecec130 DEOPT UNPACKING pc=0x00000228eb077ba2 sp=0x00000098336f8300 mode 2

Classes loaded (20 events):
Event: 130.287 Loading class sun/nio/fs/WindowsFileCopy
Event: 130.288 Loading class sun/nio/fs/WindowsFileCopy done
Event: 130.402 Loading class sun/nio/fs/WindowsSecurity$Privilege
Event: 130.402 Loading class sun/nio/fs/WindowsSecurity$Privilege done
Event: 130.764 Loading class java/lang/Throwable$PrintStreamOrWriter
Event: 130.764 Loading class java/lang/Throwable$PrintStreamOrWriter done
Event: 130.784 Loading class java/lang/Short$ShortCache
Event: 130.784 Loading class java/lang/Short$ShortCache done
Event: 130.809 Loading class java/util/Collections$EmptyListIterator
Event: 130.810 Loading class java/util/Collections$EmptyListIterator done
Event: 130.837 Loading class java/io/CharArrayWriter
Event: 130.837 Loading class java/io/CharArrayWriter done
Event: 130.854 Loading class java/time/Instant$1
Event: 130.854 Loading class java/time/Instant$1 done
Event: 130.967 Loading class java/net/UrlDeserializedState
Event: 130.967 Loading class java/net/UrlDeserializedState done
Event: 130.975 Loading class java/util/concurrent/CompletableFuture$AsyncRun
Event: 130.975 Loading class java/util/concurrent/CompletableFuture$AsyncRun done
Event: 166.525 Loading class jdk/internal/math/FormattedFPDecimal
Event: 166.525 Loading class jdk/internal/math/FormattedFPDecimal done

Classes unloaded (0 events):
No events

Classes redefined (0 events):
No events

Internal exceptions (20 events):
Event: 622.734 Thread 0x00000228d4777af0 Exception <a 'sun/nio/fs/WindowsException'{0x0000000629945b50}> (0x0000000629945b50) 
thrown [s\src\hotspot\share\prims\jni.cpp, line 520]
Event: 639.220 Thread 0x00000228cecec130 Exception <a 'sun/nio/fs/WindowsException'{0x000000062960ab88}> (0x000000062960ab88) 
thrown [s\src\hotspot\share\prims\jni.cpp, line 520]
Event: 639.227 Thread 0x00000228d1f82c60 Exception <a 'sun/nio/fs/WindowsException'{0x00000006290014b0}> (0x00000006290014b0) 
thrown [s\src\hotspot\share\prims\jni.cpp, line 520]
Event: 639.269 Thread 0x00000228d1f82c60 Exception <a 'sun/nio/fs/WindowsException'{0x0000000629001768}> (0x0000000629001768) 
thrown [s\src\hotspot\share\prims\jni.cpp, line 520]
Event: 639.555 Thread 0x00000229011a6370 Exception <a 'sun/nio/fs/WindowsException'{0x00000006280fbdd8}> (0x00000006280fbdd8) 
thrown [s\src\hotspot\share\prims\jni.cpp, line 520]
Event: 653.653 Thread 0x00000228cecec130 Exception <a 'sun/nio/fs/WindowsException'{0x000000062788f1b8}> (0x000000062788f1b8) 
thrown [s\src\hotspot\share\prims\jni.cpp, line 520]
Event: 653.653 Thread 0x00000228cecec130 Exception <a 'sun/nio/fs/WindowsException'{0x0000000627890600}> (0x0000000627890600) 
thrown [s\src\hotspot\share\prims\jni.cpp, line 520]
Event: 653.654 Thread 0x00000228cecec130 Exception <a 'sun/nio/fs/WindowsException'{0x0000000627891a40}> (0x0000000627891a40) 
thrown [s\src\hotspot\share\prims\jni.cpp, line 520]
Event: 653.654 Thread 0x00000228cecec130 Exception <a 'sun/nio/fs/WindowsException'{0x0000000627892e78}> (0x0000000627892e78) 
thrown [s\src\hotspot\share\prims\jni.cpp, line 520]
Event: 653.824 Thread 0x00000228cecec130 Exception <a 'sun/nio/fs/WindowsException'{0x000000062795d7b8}> (0x000000062795d7b8) 
thrown [s\src\hotspot\share\prims\jni.cpp, line 520]
Event: 653.825 Thread 0x00000228cecec130 Exception <a 'sun/nio/fs/WindowsException'{0x000000062795f410}> (0x000000062795f410) 
thrown [s\src\hotspot\share\prims\jni.cpp, line 520]
Event: 653.826 Thread 0x00000228cecec130 Exception <a 'sun/nio/fs/WindowsException'{0x0000000627961060}> (0x0000000627961060) 
thrown [s\src\hotspot\share\prims\jni.cpp, line 520]
Event: 653.827 Thread 0x00000228cecec130 Exception <a 'sun/nio/fs/WindowsException'{0x0000000627962ca8}> (0x0000000627962ca8) 
thrown [s\src\hotspot\share\prims\jni.cpp, line 520]
Event: 654.709 Thread 0x00000228d4778180 Exception <a 'sun/nio/fs/WindowsException'{0x00000006244adcc8}> (0x00000006244adcc8) 
thrown [s\src\hotspot\share\prims\jni.cpp, line 520]
Event: 654.711 Thread 0x00000228d4778180 Exception <a 'sun/nio/fs/WindowsException'{0x00000006244afca8}> (0x00000006244afca8) 
thrown [s\src\hotspot\share\prims\jni.cpp, line 520]
Event: 654.712 Thread 0x00000228d4778180 Exception <a 'sun/nio/fs/WindowsException'{0x00000006244b1a18}> (0x00000006244b1a18) 
thrown [s\src\hotspot\share\prims\jni.cpp, line 520]
Event: 654.712 Thread 0x00000228d4778180 Exception <a 'sun/nio/fs/WindowsException'{0x00000006244b34f0}> (0x00000006244b34f0) 
thrown [s\src\hotspot\share\prims\jni.cpp, line 520]
Event: 654.715 Thread 0x00000228d4778180 Exception <a 'sun/nio/fs/WindowsException'{0x00000006244da330}> (0x00000006244da330) 
thrown [s\src\hotspot\share\prims\jni.cpp, line 520]
Event: 654.715 Thread 0x00000228d4778180 Exception <a 'sun/nio/fs/WindowsException'{0x00000006244dc058}> (0x00000006244dc058) 
thrown [s\src\hotspot\share\prims\jni.cpp, line 520]
Event: 654.716 Thread 0x00000228d4778180 Exception <a 'sun/nio/fs/WindowsException'{0x00000006244ddca0}> (0x00000006244ddca0) 
thrown [s\src\hotspot\share\prims\jni.cpp, line 520]

ZGC Phase Switch (0 events):
No events

VM Operations (20 events):
Event: 640.083 Executing safepoint VM operation: Cleanup
Event: 640.083 Executing safepoint VM operation: Cleanup done
Event: 654.175 Executing safepoint VM operation: Cleanup
Event: 654.175 Executing safepoint VM operation: Cleanup done
Event: 655.175 Executing safepoint VM operation: Cleanup
Event: 655.175 Executing safepoint VM operation: Cleanup done
Event: 655.531 Executing safepoint VM operation: G1CollectForAllocation (G1 Evacuation Pause)
Event: 655.593 Executing safepoint VM operation: G1CollectForAllocation (G1 Evacuation Pause) done
Event: 656.594 Executing safepoint VM operation: Cleanup
Event: 656.594 Executing safepoint VM operation: Cleanup done
Event: 657.608 Executing safepoint VM operation: Cleanup
Event: 657.608 Executing safepoint VM operation: Cleanup done
Event: 658.618 Executing safepoint VM operation: Cleanup
Event: 658.618 Executing safepoint VM operation: Cleanup done
Event: 659.627 Executing safepoint VM operation: Cleanup
Event: 659.627 Executing safepoint VM operation: Cleanup done
Event: 659.806 Executing safepoint VM operation: G1CollectForAllocation (G1 Evacuation Pause)
Event: 659.876 Executing safepoint VM operation: G1CollectForAllocation (G1 Evacuation Pause) done
Event: 660.876 Executing safepoint VM operation: Cleanup
Event: 660.876 Executing safepoint VM operation: Cleanup done

Memory protections (0 events):
No events

Nmethod flushes (20 events):
Event: 634.696 Thread 0x00000228fda0c0e0 flushing  nmethod 0x00000228dcda7210
Event: 634.696 Thread 0x00000228fda0c0e0 flushing  nmethod 0x00000228dcda7b90
Event: 634.696 Thread 0x00000228fda0c0e0 flushing  nmethod 0x00000228dcdb4410
Event: 634.696 Thread 0x00000228fda0c0e0 flushing  nmethod 0x00000228dcdf3490
Event: 634.696 Thread 0x00000228fda0c0e0 flushing  nmethod 0x00000228dce10e10
Event: 634.696 Thread 0x00000228fda0c0e0 flushing  nmethod 0x00000228dce14810
Event: 634.696 Thread 0x00000228fda0c0e0 flushing  nmethod 0x00000228dce15010
Event: 634.696 Thread 0x00000228fda0c0e0 flushing  nmethod 0x00000228dcef4610
Event: 634.696 Thread 0x00000228fda0c0e0 flushing  nmethod 0x00000228dcef5a10
Event: 634.696 Thread 0x00000228fda0c0e0 flushing  nmethod 0x00000228dcef7c90
Event: 634.696 Thread 0x00000228fda0c0e0 flushing  nmethod 0x00000228dcefb210
Event: 634.696 Thread 0x00000228fda0c0e0 flushing  nmethod 0x00000228dcefb610
Event: 634.696 Thread 0x00000228fda0c0e0 flushing  nmethod 0x00000228dd09f010
Event: 634.696 Thread 0x00000228fda0c0e0 flushing  nmethod 0x00000228dd141890
Event: 634.696 Thread 0x00000228fda0c0e0 flushing  nmethod 0x00000228dd148f10
Event: 634.696 Thread 0x00000228fda0c0e0 flushing  nmethod 0x00000228dd2ede10
Event: 634.696 Thread 0x00000228fda0c0e0 flushing  nmethod 0x00000228dd369a90
Event: 634.696 Thread 0x00000228fda0c0e0 flushing  nmethod 0x00000228dd6dd790
Event: 634.696 Thread 0x00000228fda0c0e0 flushing  nmethod 0x00000228dd898910
Event: 634.696 Thread 0x00000228fda0c0e0 flushing  nmethod 0x00000228de3e2810

Events (20 events):
Event: 657.217 Thread 0x00000228cecec130 Thread added: 0x00000228d0f69450
Event: 657.217 Thread 0x00000228cecec130 Thread added: 0x00000228d0f66cf0
Event: 657.218 Thread 0x00000228cecec130 Thread added: 0x00000228d0f6a800
Event: 657.218 Thread 0x00000228cecec130 Thread added: 0x00000228d0f68730
Event: 657.218 Thread 0x00000228cecec130 Thread added: 0x00000228d0f67380
Event: 657.260 Thread 0x00000228cecec130 Thread added: 0x00000228d0f6d5f0
Event: 657.261 Thread 0x00000228cecec130 Thread added: 0x00000228d0f6b520
Event: 657.261 Thread 0x00000228cecec130 Thread added: 0x00000228d0f6c240
Event: 657.262 Thread 0x00000228cecec130 Thread added: 0x00000228d0f6c8d0
Event: 657.262 Thread 0x00000228cecec130 Thread added: 0x00000228cfaf9e20
Event: 657.263 Thread 0x00000228cecec130 Thread added: 0x00000228cfafa4b0
Event: 657.263 Thread 0x00000228cecec130 Thread added: 0x00000228cfafab40
Event: 657.693 Thread 0x00000228cecec130 Thread added: 0x00000228cfaf76c0
Event: 657.693 Thread 0x00000228cecec130 Thread added: 0x00000228cfafb1d0
Event: 657.693 Thread 0x00000228cecec130 Thread added: 0x00000228cfafb860
Event: 657.693 Thread 0x00000228cecec130 Thread added: 0x00000228cfafbef0
Event: 657.694 Thread 0x00000228cecec130 Thread added: 0x00000228cf796f10
Event: 657.694 Thread 0x00000228cecec130 Thread added: 0x00000228cf795b60
Event: 657.694 Thread 0x00000228cecec130 Thread added: 0x00000228cf79a390
Event: 657.724 Thread 0x00000228cecec130 Thread added: 0x00000228cf79b740


Dynamic libraries:
0x00007ff72dfa0000 - 0x00007ff72dfae000 	C:\Users\PrasannVyawahare\.vscode\extensions\redhat.java-1.56.0-win32-x64\jre\21.0.12.1-win32-x86_64\bin\java.exe
0x00007ffd30c40000 - 0x00007ffd30ea7000 	C:\WINDOWS\SYSTEM32\ntdll.dll
0x00007ffd2fd10000 - 0x00007ffd2fddb000 	C:\WINDOWS\System32\KERNEL32.DLL
0x00007ffd2df20000 - 0x00007ffd2e322000 	C:\WINDOWS\System32\KERNELBASE.dll
0x00007ffd2d9f0000 - 0x00007ffd2dd01000 	C:\Windows\System32\SophosED\SophosED.dll
0x00007ffd2e3f0000 - 0x00007ffd2e53c000 	C:\WINDOWS\System32\ucrtbase.dll
0x00007ffce9da0000 - 0x00007ffce9db8000 	C:\Users\PrasannVyawahare\.vscode\extensions\redhat.java-1.56.0-win32-x64\jre\21.0.12.1-win32-x86_64\bin\jli.dll
0x00007ffd2f9d0000 - 0x00007ffd2fb9f000 	C:\WINDOWS\System32\USER32.dll
0x00007ffd2de40000 - 0x00007ffd2de67000 	C:\WINDOWS\System32\win32u.dll
0x00007ffd30360000 - 0x00007ffd3038b000 	C:\WINDOWS\System32\GDI32.dll
0x00007ffd2e550000 - 0x00007ffd2e679000 	C:\WINDOWS\System32\gdi32full.dll
0x00007ffce9eb0000 - 0x00007ffce9ece000 	C:\Users\PrasannVyawahare\.vscode\extensions\redhat.java-1.56.0-win32-x64\jre\21.0.12.1-win32-x86_64\bin\VCRUNTIME140.dll
0x00007ffd2de70000 - 0x00007ffd2df13000 	C:\WINDOWS\System32\msvcp_win.dll
0x00007ffd0f710000 - 0x00007ffd0f9a0000 	C:\WINDOWS\WinSxS\amd64_microsoft.windows.common-controls_6595b64144ccf1df_6.0.26100.9278_none_3e0d1ba8e3303201\COMCTL32.dll
0x00007ffd302b0000 - 0x00007ffd30359000 	C:\WINDOWS\System32\msvcrt.dll
0x00007ffd2eba0000 - 0x00007ffd2ebd1000 	C:\WINDOWS\System32\IMM32.DLL
0x00007ffd176e0000 - 0x00007ffd176ec000 	C:\Users\PrasannVyawahare\.vscode\extensions\redhat.java-1.56.0-win32-x64\jre\21.0.12.1-win32-x86_64\bin\vcruntime140_1.dll
0x00007ffcc91e0000 - 0x00007ffcc926d000 	C:\Users\PrasannVyawahare\.vscode\extensions\redhat.java-1.56.0-win32-x64\jre\21.0.12.1-win32-x86_64\bin\msvcp140.dll
0x00007ffc734f0000 - 0x00007ffc74292000 	C:\Users\PrasannVyawahare\.vscode\extensions\redhat.java-1.56.0-win32-x64\jre\21.0.12.1-win32-x86_64\bin\server\jvm.dll
0x00007ffd30150000 - 0x00007ffd3020c000 	C:\WINDOWS\System32\ADVAPI32.dll
0x00007ffd30b30000 - 0x00007ffd30bd9000 	C:\WINDOWS\System32\sechost.dll
0x00007ffd2ee40000 - 0x00007ffd2ef58000 	C:\WINDOWS\System32\RPCRT4.dll
0x00007ffd300c0000 - 0x00007ffd30140000 	C:\WINDOWS\System32\WS2_32.dll
0x00007ffd2d8d0000 - 0x00007ffd2d92e000 	C:\WINDOWS\SYSTEM32\POWRPROF.dll
0x00007ffd21110000 - 0x00007ffd21146000 	C:\WINDOWS\SYSTEM32\WINMM.dll
0x00007ffd23cc0000 - 0x00007ffd23ccb000 	C:\WINDOWS\SYSTEM32\VERSION.dll
0x00007ffd2d8b0000 - 0x00007ffd2d8c5000 	C:\WINDOWS\SYSTEM32\UMPDC.dll
0x00007ffd2c680000 - 0x00007ffd2c69b000 	C:\WINDOWS\SYSTEM32\kernel.appcore.dll
0x00007ffd0ff60000 - 0x00007ffd0ff6a000 	C:\Users\PrasannVyawahare\.vscode\extensions\redhat.java-1.56.0-win32-x64\jre\21.0.12.1-win32-x86_64\bin\jimage.dll
0x00007ffd2b760000 - 0x00007ffd2b9ac000 	C:\WINDOWS\SYSTEM32\DBGHELP.DLL
0x00007ffd2f5d0000 - 0x00007ffd2f955000 	C:\WINDOWS\System32\combase.dll
0x00007ffd2fde0000 - 0x00007ffd2feb9000 	C:\WINDOWS\System32\OLEAUT32.dll
0x00007ffd03ad0000 - 0x00007ffd03b0b000 	C:\WINDOWS\SYSTEM32\dbgcore.DLL
0x00007ffd2e8a0000 - 0x00007ffd2e94c000 	C:\WINDOWS\System32\bcryptPrimitives.dll
0x00007ffcee360000 - 0x00007ffcee36f000 	C:\Users\PrasannVyawahare\.vscode\extensions\redhat.java-1.56.0-win32-x64\jre\21.0.12.1-win32-x86_64\bin\instrument.dll
0x00007ffcdd730000 - 0x00007ffcdd750000 	C:\Users\PrasannVyawahare\.vscode\extensions\redhat.java-1.56.0-win32-x64\jre\21.0.12.1-win32-x86_64\bin\java.dll
0x00007ffd30390000 - 0x00007ffd30b28000 	C:\WINDOWS\System32\SHELL32.dll
0x00007ffd2add0000 - 0x00007ffd2b67e000 	C:\WINDOWS\SYSTEM32\windows.storage.dll
0x00007ffd2ea70000 - 0x00007ffd2eb6b000 	C:\WINDOWS\System32\SHCORE.dll
0x00007ffd2f960000 - 0x00007ffd2f9c6000 	C:\WINDOWS\System32\shlwapi.dll
0x00007ffd2dd60000 - 0x00007ffd2dd89000 	C:\WINDOWS\SYSTEM32\profapi.dll
0x00007ffcdce70000 - 0x00007ffcdce88000 	C:\Users\PrasannVyawahare\.vscode\extensions\redhat.java-1.56.0-win32-x64\jre\21.0.12.1-win32-x86_64\bin\zip.dll
0x00007ffcf5480000 - 0x00007ffcf5490000 	C:\Users\PrasannVyawahare\.vscode\extensions\redhat.java-1.56.0-win32-x64\jre\21.0.12.1-win32-x86_64\bin\net.dll
0x00007ffd2c6a0000 - 0x00007ffd2c7ca000 	C:\WINDOWS\SYSTEM32\WINHTTP.dll
0x00007ffd2cd50000 - 0x00007ffd2cdbc000 	C:\WINDOWS\system32\mswsock.dll
0x00007ffcdcd70000 - 0x00007ffcdcd86000 	C:\Users\PrasannVyawahare\.vscode\extensions\redhat.java-1.56.0-win32-x64\jre\21.0.12.1-win32-x86_64\bin\nio.dll
0x00007ffce95e0000 - 0x00007ffce95f0000 	C:\Users\PrasannVyawahare\.vscode\extensions\redhat.java-1.56.0-win32-x64\jre\21.0.12.1-win32-x86_64\bin\verify.dll
0x00007ffcd0880000 - 0x00007ffcd08a7000 	C:\Users\PrasannVyawahare\.gradle\native\1def1411415f61bf3af743bc5b6707747c0891f09f0c88961ee8f79bc544acac\windows-amd64\native-platform.dll
0x00007ffcabdf0000 - 0x00007ffcabe68000 	C:\Users\PrasannVyawahare\.gradle\native\0.2.7\x86_64-windows-gnu\gradle-fileevents.dll
0x00007ffce8310000 - 0x00007ffce831a000 	C:\Users\PrasannVyawahare\.vscode\extensions\redhat.java-1.56.0-win32-x64\jre\21.0.12.1-win32-x86_64\bin\management.dll
0x00007ffce6440000 - 0x00007ffce644c000 	C:\Users\PrasannVyawahare\.vscode\extensions\redhat.java-1.56.0-win32-x64\jre\21.0.12.1-win32-x86_64\bin\management_ext.dll
0x00007ffd30be0000 - 0x00007ffd30be8000 	C:\WINDOWS\System32\PSAPI.DLL
0x00007ffd2be00000 - 0x00007ffd2be33000 	C:\WINDOWS\SYSTEM32\IPHLPAPI.DLL
0x00007ffd30bf0000 - 0x00007ffd30bfa000 	C:\WINDOWS\System32\NSI.dll
0x00007ffcea310000 - 0x00007ffcea319000 	C:\Users\PrasannVyawahare\.vscode\extensions\redhat.java-1.56.0-win32-x64\jre\21.0.12.1-win32-x86_64\bin\extnet.dll
0x00007ffd2d170000 - 0x00007ffd2d18b000 	C:\WINDOWS\SYSTEM32\CRYPTSP.dll
0x00007ffd2c5e0000 - 0x00007ffd2c619000 	C:\WINDOWS\system32\rsaenh.dll
0x00007ffd2ce00000 - 0x00007ffd2ce34000 	C:\WINDOWS\SYSTEM32\USERENV.dll
0x00007ffd2dd30000 - 0x00007ffd2dd5a000 	C:\WINDOWS\SYSTEM32\bcrypt.dll
0x00007ffd2cfb0000 - 0x00007ffd2cfbc000 	C:\WINDOWS\SYSTEM32\CRYPTBASE.dll
0x00007ffcea320000 - 0x00007ffcea32e000 	C:\Users\PrasannVyawahare\.vscode\extensions\redhat.java-1.56.0-win32-x64\jre\21.0.12.1-win32-x86_64\bin\sunmscapi.dll
0x00007ffd2e680000 - 0x00007ffd2e7fe000 	C:\WINDOWS\System32\CRYPT32.dll
0x00007ffd2d2e0000 - 0x00007ffd2d310000 	C:\WINDOWS\SYSTEM32\ncrypt.dll
0x00007ffd2d290000 - 0x00007ffd2d2cf000 	C:\WINDOWS\SYSTEM32\NTASN1.dll
0x00007ffcaa590000 - 0x00007ffcaa598000 	C:\WINDOWS\system32\wshunix.dll
0x00007ffd2c8e0000 - 0x00007ffd2c916000 	C:\WINDOWS\SYSTEM32\ntmarta.dll

JVMTI agents:
C:\Users\PrasannVyawahare\.gradle\wrapper\dists\gradle-8.14-all\c2qonpi39x1mddn7hk5gh9iqj\gradle-8.14\lib\agents\gradle-instrumentation-agent-8.14.jar path:C:\Users\PrasannVyawahare\.vscode\extensions\redhat.java-1.56.0-win32-x64\jre\21.0.12.1-win32-x86_64\bin\instrument.dll, loaded, initialized, instrumentlib options:none

dbghelp: loaded successfully - version: 4.0.5 - missing functions: none
symbol engine: initialized successfully - sym options: 0x614 - pdb path: .;C:\Users\PrasannVyawahare\.vscode\extensions\redhat.java-1.56.0-win32-x64\jre\21.0.12.1-win32-x86_64\bin;C:\WINDOWS\SYSTEM32;C:\Windows\System32\SophosED;C:\WINDOWS\WinSxS\amd64_microsoft.windows.common-controls_6595b64144ccf1df_6.0.26100.9278_none_3e0d1ba8e3303201;C:\Users\PrasannVyawahare\.vscode\extensions\redhat.java-1.56.0-win32-x64\jre\21.0.12.1-win32-x86_64\bin\server;C:\Users\PrasannVyawahare\.gradle\native\1def1411415f61bf3af743bc5b6707747c0891f09f0c88961ee8f79bc544acac\windows-amd64;C:\Users\PrasannVyawahare\.gradle\native\0.2.7\x86_64-windows-gnu

VM Arguments:
jvm_args: --add-opens=java.base/java.lang=ALL-UNNAMED --add-opens=java.base/java.lang.invoke=ALL-UNNAMED --add-opens=java.base/java.util=ALL-UNNAMED --add-opens=java.prefs/java.util.prefs=ALL-UNNAMED --add-exports=jdk.compiler/com.sun.tools.javac.api=ALL-UNNAMED --add-exports=jdk.compiler/com.sun.tools.javac.util=ALL-UNNAMED --add-opens=java.base/java.util=ALL-UNNAMED --add-opens=java.prefs/java.util.prefs=ALL-UNNAMED --add-opens=java.base/java.nio.charset=ALL-UNNAMED --add-opens=java.base/java.net=ALL-UNNAMED --add-opens=java.base/java.util.concurrent.atomic=ALL-UNNAMED --add-opens=java.xml/javax.xml.namespace=ALL-UNNAMED -XX:MaxMetaspaceSize=4G -XX:ReservedCodeCacheSize=512m -XX:+HeapDumpOnOutOfMemoryError -Xmx8G -Dfile.encoding=UTF-8 -Duser.country=IN -Duser.language=en -Duser.variant -javaagent:C:\Users\PrasannVyawahare\.gradle\wrapper\dists\gradle-8.14-all\c2qonpi39x1mddn7hk5gh9iqj\gradle-8.14\lib\agents\gradle-instrumentation-agent-8.14.jar 
java_command: org.gradle.launcher.daemon.bootstrap.GradleDaemon 8.14
java_class_path (initial): C:\Users\PrasannVyawahare\.gradle\wrapper\dists\gradle-8.14-all\c2qonpi39x1mddn7hk5gh9iqj\gradle-8.14\lib\gradle-daemon-main-8.14.jar
Launcher Type: SUN_STANDARD

[Global flags]
     intx CICompilerCount                          = 4                                         {product} {ergonomic}
     uint ConcGCThreads                            = 2                                         {product} {ergonomic}
     uint G1ConcRefinementThreads                  = 8                                         {product} {ergonomic}
   size_t G1HeapRegionSize                         = 4194304                                   {product} {ergonomic}
    uintx GCDrainStackTargetSize                   = 64                                        {product} {ergonomic}
     bool HeapDumpOnOutOfMemoryError               = true                                   {manageable} {command line}
   size_t InitialHeapSize                          = 532676608                                 {product} {ergonomic}
   size_t MarkStackSize                            = 4194304                                   {product} {ergonomic}
   size_t MaxHeapSize                              = 8589934592                                {product} {command line}
   size_t MaxMetaspaceSize                         = 4294967296                                {product} {command line}
   size_t MaxNewSize                               = 5150605312                                {product} {ergonomic}
   size_t MinHeapDeltaBytes                        = 4194304                                   {product} {ergonomic}
   size_t MinHeapSize                              = 8388608                                   {product} {ergonomic}
    uintx NonNMethodCodeHeapSize                   = 5839372                                {pd product} {ergonomic}
    uintx NonProfiledCodeHeapSize                  = 265515770                              {pd product} {ergonomic}
    uintx ProfiledCodeHeapSize                     = 265515770                              {pd product} {ergonomic}
    uintx ReservedCodeCacheSize                    = 536870912                              {pd product} {command line}
     bool SegmentedCodeCache                       = true                                      {product} {ergonomic}
   size_t SoftMaxHeapSize                          = 8589934592                             {manageable} {ergonomic}
     bool UseCompressedOops                        = true                           {product lp64_product} {ergonomic}
     bool UseG1GC                                  = true                                      {product} {ergonomic}
     bool UseLargePagesIndividualAllocation        = false                                  {pd product} {ergonomic}

Logging:
Log output configuration:
 #0: stdout all=warning uptime,level,tags foldmultilines=false
 #1: stderr all=off uptime,level,tags foldmultilines=false

Release file:
JAVA_VERSION="21.0.12.1" 
MODULES="java.base java.compiler java.datatransfer java.xml java.prefs java.desktop java.instrument java.logging java.management java.security.sasl java.naming java.rmi java.management.rmi java.net.http java.scripting java.security.jgss java.transaction.xa java.sql java.sql.rowset java.xml.crypto java.se java.smartcardio jdk.accessibility jdk.internal.jvmstat jdk.attach jdk.charsets jdk.internal.opt jdk.zipfs jdk.compiler jdk.crypto.ec jdk.crypto.cryptoki jdk.crypto.mscapi jdk.dynalink jdk.internal.ed jdk.editpad jdk.hotspot.agent jdk.httpserver jdk.internal.le jdk.internal.vm.ci jdk.internal.vm.compiler jdk.internal.vm.compiler.management jdk.jartool jdk.javadoc jdk.jcmd jdk.management jdk.management.agent jdk.jconsole jdk.jdeps jdk.jdwp.agent jdk.jdi jdk.jfr jdk.jshell jdk.jsobject jdk.jstatd jdk.localedata jdk.management.jfr jdk.naming.dns jdk.naming.rmi jdk.net jdk.nio.mapmode jdk.random jdk.sctp jdk.security.auth jdk.security.jgss jdk.unsupported jdk.unsupported.desktop jdk.xml.dom" 

Environment Variables:
JAVA_HOME=C:\Program Files\Java\jdk-21.0.8
PATH=C:\Program Files\Common Files\Oracle\Java\javapath;C:\WINDOWS\system32;C:\WINDOWS;C:\WINDOWS\System32\Wbem;C:\WINDOWS\System32\WindowsPowerShell\v1.0\;C:\WINDOWS\System32\OpenSSH\;C:\Program Files\dotnet\;D:\flutter\bin;C:\Program Files\Git\cmd;C:\Program Files\Docker\Docker\resources\bin;C:\Program Files\Java\jdk-17.0.12\bin;C:\Program Files\Java\jdk-24\bin;C:\Program Files (x86)\Windows Kits\10\Windows Performance Toolkit\;C:\Users\PrasannVyawahare\AppData\Roaming\nvm;C:\Program Files\nodejs;"$env:GRADLE_HOME\bin;$env:ANDROID_HOME\platform-tools;$env:ANDROID_HOME\cmdline-tools\latest\bin;$env:ANDROID_HOME\tools\bin;$env:JAVA_HOME\bin;$env:PATH";D:\gradle-8.14.4-all\gradle-8.14.4\bin;C:\Program Files (x86)\Microsoft SQL Server\170\Tools\Binn\;C:\Program Files\Microsoft SQL Server\170\Tools\Binn\;C:\Program Files\Microsoft SQL Server\Client SDK\ODBC\180\Tools\Binn\;C:\Program Files\Microsoft SQL Server\170\DTS\Binn\;D:\drivers\sqljdbc_13.4\enu\auth\x64;C:\Program Files\nodejs\;C:\Program Files\Microsoft SQL Server\Client SDK\ODBC\170\Tools\Binn\;C:\Users\PrasannVyawahare\AppData\Local\Programs\Python\Python311\Scripts\;C:\Users\PrasannVyawahare\AppData\Local\Programs\Python\Python311\;D:\flutter\bin\;c:\Users\PrasannVyawahare\AppData\Roaming\Code\User\globalStorage\github.copilot-chat\debugCommand;c:\Users\PrasannVyawahare\AppData\Roaming\Code\User\globalStorage\github.copilot-chat\copilotCli;C:\Users\PrasannVyawahare\AppData\Local\Programs\Microsoft VS Code;C:\Program Files\Common Files\Oracle\Java\javapath;C:\WINDOWS\system32;C:\WINDOWS;C:\WINDOWS\System32\Wbem;C:\WINDOWS\System32\WindowsPowerShell\v1.0\;C:\WINDOWS\System32\OpenSSH\;C:\Program Files\dotnet\;D:\flutter\bin;C:\Program Files\Git\cmd;C:\Program Files\Docker\Docker\resources\bin;C:\Program Files\Java\jdk-17.0.12\bin;C:\Program Files\Java\jdk-24\bin;C:\Program Files (x86)\Windows Kits\10\Windows Performance Toolkit\;C:\Users\PrasannVyawahare\AppData\Roaming\nvm;C:\Program Files\nodejs;C:\Program Files\nodejs\;$env:GRADLE_HOME\bin;$env:ANDROID_HOME\platform-tools;$env:ANDROID_HOME\cmdline-tools\latest\bin;$env:ANDROID_HOME\tools\bin;$env:JAVA_HOME\bin;$env:PATH;D:\gradle-8.14.4-all\gradle-8.14.4\bin;C:\Users\PrasannVyawahare\AppData\Local\Microsoft\WindowsApps;D:\flutter\bin;C:\Users\PrasannVyawahare\AppData\Local\Programs\Microsoft VS Code\bin;C:\Users\PrasannVyawahare\Downloads\sonar-scanner-cli-8.0.1.6346-windows-x64\sonar-scanner-8.0.1.6346-windows-x64\bin;C:\Program Files\Java\jdk-17.0.12\bin;C:\Program Files\Java\jdk-24\bin;C:\Program Files\Java\jdk-21.0.8\bin;C:\Users\PrasannVyawahare\AppData\Local\Pub\Cache\bin;C:\Users\PrasannVyawahare\AppData\Roaming\nvm;C:\Program Files\nodejs;C:\Users\PrasannVyawahare\AppData\Local\Android\Sdk\platform-tools;C:\Users\PrasannVyawahare\AppData\Local\Android\Sdk\cmdline-tools\latest\bin;C:\Users\PrasannVyawahare\AppData\Local\Android\Sdk\emulator;C:\Users\PrasannVyawahare\.gradle;D:\gradle-8.14.4-all\gradle-8.14.4\bin;C:\Users\PrasannVyawahare\AppData\Local\Microsoft\WinGet\Links;c:\Users\PrasannVyawahare\.vscode\extensions\vscjava.vscode-java-debug-0.59.0\bundled\scripts\noConfigScripts;C:\Users\PrasannVyawahare\.local\bin;C:\Users\PrasannVyawahare\AppData\AndroidCLI;C:\Users\PrasannVyawahare\AppData\Roaming\npm;C:\Users\PrasannVyawahare\.dotnet\tools
USERNAME=PrasannVyawahare
OS=Windows_NT
PROCESSOR_IDENTIFIER=Intel64 Family 6 Model 140 Stepping 1, GenuineIntel
TMP=C:\Users\PRASAN~1\AppData\Local\Temp
TEMP=C:\Users\PRASAN~1\AppData\Local\Temp




Periodic native trim disabled

---------------  S Y S T E M  ---------------

OS:
 Windows 11 , 64 bit Build 26100 (10.0.26100.9444)
OS uptime: 10 days 10:04 hours
Hyper-V role detected

CPU: total 8 (initial active 8) (4 cores per cpu, 2 threads per core) family 6 model 140 stepping 1 microcode 0xbe, cx8, cmov, fxsr, ht, mmx, 3dnowpref, sse, sse2, sse3, ssse3, sse4.1, sse4.2, popcnt, lzcnt, tsc, tscinvbit, avx, avx2, aes, erms, clmul, bmi1, bmi2, adx, avx512f, avx512dq, avx512cd, avx512bw, avx512vl, sha, fma, vzeroupper, avx512_vpopcntdq, avx512_vpclmulqdq, avx512_vaes, avx512_vnni, clflush, clflushopt, clwb, avx512_vbmi2, avx512_vbmi, hv, rdtscp, rdpid, fsrm, gfni, avx512_bitalg, f16c, cet_ibt, cet_ss, avx512_ifma
Processor Information for the first 8 processors :
  Max Mhz: 1382, Current Mhz: 1382, Mhz Limit: 1382

Memory: 4k page, system-wide physical 32510M (6337M free)
TotalPageFile size 48894M (AvailPageFile size 0M)
current process WorkingSet (physical memory assigned to process): 1175M, peak: 1178M
current process commit charge ("private bytes"): 1213M, peak: 1216M

vm_info: OpenJDK 64-Bit Server VM (21.0.12.1+1-LTS) for windows-amd64 JRE (21.0.12.1+1-LTS), built on 2026-08-18T00:00:00Z by "admin" with MS VC++ 17.12 (VS2022)

END.
